[{"model": "admin.logentry", "pk": 1, "fields": {"action_time": "2025-03-05T01:07:15.765Z", "user": 1, "content_type": 6, "object_id": "1", "object_repr": "dcarioto", "action_flag": 2, "change_message": "[{\"changed\": {\"fields\": [\"User permissions\", \"Role\"]}}]"}}, {"model": "admin.logentry", "pk": 2, "fields": {"action_time": "2025-03-05T01:09:24.549Z", "user": 1, "content_type": 6, "object_id": "2", "object_repr": "Rmikita", "action_flag": 1, "change_message": "[{\"added\": {}}]"}}, {"model": "admin.logentry", "pk": 3, "fields": {"action_time": "2025-03-05T01:10:25.157Z", "user": 1, "content_type": 6, "object_id": "2", "object_repr": "Rmikita", "action_flag": 2, "change_message": "[{\"changed\": {\"fields\": [\"First name\", \"Last name\", \"Email address\", \"Last login\"]}}]"}}, {"model": "admin.logentry", "pk": 4, "fields": {"action_time": "2025-03-05T01:11:05.188Z", "user": 1, "content_type": 7, "object_id": "1", "object_repr": "Leetsdale", "action_flag": 1, "change_message": "[{\"added\": {}}]"}}, {"model": "admin.logentry", "pk": 5, "fields": {"action_time": "2025-03-05T01:13:58.397Z", "user": 1, "content_type": 7, "object_id": "2", "object_repr": "Kennedy / McKees Rocks", "action_flag": 1, "change_message": "[{\"added\": {}}]"}}, {"model": "admin.logentry", "pk": 6, "fields": {"action_time": "2025-03-05T01:14:47.039Z", "user": 1, "content_type": 7, "object_id": "3", "object_repr": "Avalon", "action_flag": 1, "change_message": "[{\"added\": {}}]"}}, {"model": "admin.logentry", "pk": 7, "fields": {"action_time": "2025-03-05T01:16:16.200Z", "user": 1, "content_type": 7, "object_id": "4", "object_repr": "Green Tree", "action_flag": 1, "change_message": "[{\"added\": {}}]"}}, {"model": "admin.logentry", "pk": 8, "fields": {"action_time": "2025-03-05T01:17:21.878Z", "user": 1, "content_type": 7, "object_id": "5", "object_repr": "Noblestown", "action_flag": 1, "change_message": "[{\"added\": {}}]"}}, {"model": "admin.logentry", "pk": 9, "fields": {"action_time": "2025-03-05T01:18:33.562Z", "user": 1, "content_type": 7, "object_id": "6", "object_repr": "Robinson / Steubenville Pike", "action_flag": 1, "change_message": "[{\"added\": {}}]"}}, {"model": "admin.logentry", "pk": 10, "fields": {"action_time": "2025-03-05T01:20:05.504Z", "user": 1, "content_type": 7, "object_id": "7", "object_repr": "Tridelphia / Cabelas", "action_flag": 1, "change_message": "[{\"added\": {}}]"}}, {"model": "admin.logentry", "pk": 11, "fields": {"action_time": "2025-03-05T01:21:26.306Z", "user": 1, "content_type": 7, "object_id": "8", "object_repr": "Allegheny Ave", "action_flag": 1, "change_message": "[{\"added\": {}}]"}}, {"model": "admin.logentry", "pk": 12, "fields": {"action_time": "2025-03-05T01:24:30.981Z", "user": 1, "content_type": 6, "object_id": "3", "object_repr": "Pstewart", "action_flag": 1, "change_message": "[{\"added\": {}}]"}}, {"model": "admin.logentry", "pk": 13, "fields": {"action_time": "2025-03-05T01:25:54.796Z", "user": 1, "content_type": 6, "object_id": "3", "object_repr": "Pstewart", "action_flag": 2, "change_message": "[{\"changed\": {\"fields\": [\"First name\", \"Last name\", \"Email address\", \"Last login\"]}}]"}}, {"model": "admin.logentry", "pk": 14, "fields": {"action_time": "2025-03-05T01:27:12.879Z", "user": 1, "content_type": 6, "object_id": "4", "object_repr": "GmLeetsdale", "action_flag": 1, "change_message": "[{\"added\": {}}]"}}, {"model": "admin.logentry", "pk": 15, "fields": {"action_time": "2025-03-05T01:27:58.971Z", "user": 1, "content_type": 6, "object_id": "4", "object_repr": "GmLeetsdale", "action_flag": 2, "change_message": "[{\"changed\": {\"fields\": [\"First name\", \"Last name\", \"Email address\", \"Last login\"]}}]"}}, {"model": "admin.logentry", "pk": 16, "fields": {"action_time": "2025-03-05T01:30:40.111Z", "user": 1, "content_type": 6, "object_id": "2", "object_repr": "Rmikita", "action_flag": 2, "change_message": "[{\"changed\": {\"fields\": [\"password\"]}}]"}}, {"model": "admin.logentry", "pk": 17, "fields": {"action_time": "2025-03-05T01:33:04.811Z", "user": 1, "content_type": 6, "object_id": "1", "object_repr": "dcarioto", "action_flag": 2, "change_message": "[{\"changed\": {\"fields\": [\"First name\", \"Last name\"]}}]"}}, {"model": "admin.logentry", "pk": 18, "fields": {"action_time": "2025-03-05T01:47:11.301Z", "user": 1, "content_type": 6, "object_id": "4", "object_repr": "GmLeetsdale", "action_flag": 2, "change_message": "[{\"changed\": {\"fields\": [\"password\"]}}]"}}, {"model": "admin.logentry", "pk": 19, "fields": {"action_time": "2025-03-05T13:50:27.697Z", "user": 1, "content_type": 6, "object_id": "4", "object_repr": "GmLeetsdale", "action_flag": 2, "change_message": "[{\"changed\": {\"fields\": [\"password\"]}}]"}}, {"model": "admin.logentry", "pk": 20, "fields": {"action_time": "2025-03-05T13:51:16.707Z", "user": 1, "content_type": 6, "object_id": "4", "object_repr": "GmLeetsdale", "action_flag": 2, "change_message": "[]"}}, {"model": "admin.logentry", "pk": 21, "fields": {"action_time": "2025-03-05T16:18:17.984Z", "user": 1, "content_type": 6, "object_id": "4", "object_repr": "GmLeetsdale", "action_flag": 2, "change_message": "[{\"changed\": {\"fields\": [\"User permissions\"]}}]"}}, {"model": "admin.logentry", "pk": 22, "fields": {"action_time": "2025-03-08T02:05:09.745Z", "user": 1, "content_type": 6, "object_id": "5", "object_repr": "demoGM", "action_flag": 1, "change_message": "[{\"added\": {}}]"}}, {"model": "admin.logentry", "pk": 23, "fields": {"action_time": "2025-03-08T02:06:13.197Z", "user": 1, "content_type": 6, "object_id": "5", "object_repr": "demoGM", "action_flag": 2, "change_message": "[{\"changed\": {\"fields\": [\"First name\", \"Last name\", \"Email address\", \"Last login\"]}}]"}}, {"model": "admin.logentry", "pk": 24, "fields": {"action_time": "2025-03-08T02:08:01.624Z", "user": 1, "content_type": 7, "object_id": "9", "object_repr": "DemoRestaurant", "action_flag": 1, "change_message": "[{\"added\": {}}]"}}, {"model": "admin.logentry", "pk": 25, "fields": {"action_time": "2025-03-08T02:10:09.516Z", "user": 1, "content_type": 6, "object_id": "2", "object_repr": "Rmikita", "action_flag": 2, "change_message": "[{\"changed\": {\"fields\": [\"Restaurant\"]}}]"}}, {"model": "admin.logentry", "pk": 26, "fields": {"action_time": "2025-03-08T02:10:52.145Z", "user": 1, "content_type": 7, "object_id": "2", "object_repr": "Kennedy / McKees Rocks", "action_flag": 3, "change_message": ""}}, {"model": "admin.logentry", "pk": 27, "fields": {"action_time": "2025-03-08T02:11:16.914Z", "user": 1, "content_type": 6, "object_id": "2", "object_repr": "Rmikita", "action_flag": 2, "change_message": "[{\"changed\": {\"fields\": [\"Restaurant\", \"Restaurants\"]}}]"}}, {"model": "admin.logentry", "pk": 28, "fields": {"action_time": "2025-03-08T02:11:48.232Z", "user": 1, "content_type": 6, "object_id": "5", "object_repr": "demoGM", "action_flag": 2, "change_message": "[{\"changed\": {\"fields\": [\"Role\"]}}]"}}, {"model": "admin.logentry", "pk": 29, "fields": {"action_time": "2025-03-09T00:47:16.396Z", "user": 1, "content_type": 6, "object_id": "6", "object_repr": "JDavis", "action_flag": 1, "change_message": "[{\"added\": {}}]"}}, {"model": "admin.logentry", "pk": 30, "fields": {"action_time": "2025-03-09T00:48:23.544Z", "user": 1, "content_type": 6, "object_id": "6", "object_repr": "JDavis", "action_flag": 2, "change_message": "[{\"changed\": {\"fields\": [\"First name\", \"Last name\", \"Email address\", \"Last login\"]}}]"}}, {"model": "admin.logentry", "pk": 31, "fields": {"action_time": "2025-03-11T10:46:41.418Z", "user": 1, "content_type": 6, "object_id": "2", "object_repr": "Rmikita", "action_flag": 2, "change_message": "[{\"changed\": {\"fields\": [\"password\"]}}]"}}, {"model": "admin.logentry", "pk": 32, "fields": {"action_time": "2025-03-11T11:03:57.514Z", "user": 1, "content_type": 6, "object_id": "7", "object_repr": "Ccorbitt", "action_flag": 2, "change_message": "[{\"changed\": {\"fields\": [\"Restaurant\", \"Restaurants\"]}}]"}}, {"model": "admin.logentry", "pk": 33, "fields": {"action_time": "2025-03-11T11:09:47.250Z", "user": 1, "content_type": 6, "object_id": "3", "object_repr": "Pstewart", "action_flag": 2, "change_message": "[{\"changed\": {\"fields\": [\"password\"]}}]"}}, {"model": "sessions.session", "pk": "0d87nv4oodxqaxhoet2cbeaqjm4qjagi", "fields": {"session_data": ".eJxVjDsOwjAQBe_iGlm7XtuxKek5g7X-kQCKpTipEHeHSCmgfTPzXiLwto5h62UJUxZngeL0u0VOjzLvIN95vjWZ2rwuU5S7Ig_a5bXl8rwc7t_ByH381gPV6oxjhUwm1qQ9GrAQPaLRBKgwebYckx1AVUsE0UHVUFFnIq_E-wO9UTaU:1tw5GZ:Y-CapDoqxj3s0AVnM_tpvBewLdc8och6vvECut3pbeg", "expire_date": "2025-03-22T20:21:23.244Z"}}, {"model": "sessions.session", "pk": "0zkvjmvjh77y82yokdv08nici8lq80jt", "fields": {"session_data": ".eJxVjMEOwiAQRP-FsyEslAoevfsNZGEXqRpISnsy_rtt0oMeZ96beYuA61LC2nkOE4mLGMTpt4uYnlx3QA-s9yZTq8s8Rbkr8qBd3hrx63q4fwcFe9nWiBlHAIRsCTSDN5ydU87wSIlBk-MzMJD1WzCRMWeftFFmSMq6pMTnC_9IOFI:1tspN1:ErCJGc9cYXFciY5cH5iTtvxR6iqjF2SccyCpUauYy6c", "expire_date": "2025-03-13T20:46:35.472Z"}}, {"model": "sessions.session", "pk": "1edejeghjdocktggzbqcl9hawl4p9irm", "fields": {"session_data": ".eJxVjMEOwiAQRP-FsyEslAoevfsNZGEXqRpISnsy_rtt0oMeZ96beYuA61LC2nkOE4mLGMTpt4uYnlx3QA-s9yZTq8s8Rbkr8qBd3hrx63q4fwcFe9nWiBlHAIRsCTSDN5ydU87wSIlBk-MzMJD1WzCRMWeftFFmSMq6pMTnC_9IOFI:1tw5BO:JnnwX_h4FVhyQgiC7NS5xKGGLxC_h1pUvGrasHey0dQ", "expire_date": "2025-03-22T20:16:02.633Z"}}, {"model": "sessions.session", "pk": "1sad40drna0w9681w797zibka4q0lcm5", "fields": {"session_data": ".eJxVjDsOwjAQBe_iGlm7XtuxKek5g7X-kQCKpTipEHeHSCmgfTPzXiLwto5h62UJUxZngeL0u0VOjzLvIN95vjWZ2rwuU5S7Ig_a5bXl8rwc7t_ByH381gPV6oxjhUwm1qQ9GrAQPaLRBKgwebYckx1AVUsE0UHVUFFnIq_E-wO9UTaU:1tpdqp:slOY4XG1Zp363emMyveg0Oor6z4U5WVWgN4RLFwoXiE", "expire_date": "2025-03-05T01:52:11.471Z"}}, {"model": "sessions.session", "pk": "27xdpbky1aarqy0rm64dpq414amz91nd", "fields": {"session_data": ".eJxVjMEOwiAQRP-FsyEslAoevfsNZGEXqRpISnsy_rtt0oMeZ96beYuA61LC2nkOE4mLGMTpt4uYnlx3QA-s9yZTq8s8Rbkr8qBd3hrx63q4fwcFe9nWiBlHAIRsCTSDN5ydU87wSIlBk-MzMJD1WzCRMWeftFFmSMq6pMTnC_9IOFI:1tqfB3:qc9uM1-NRYu3_oMzM_XyRZzUu_V3dGxGm4GDRE5VQRw", "expire_date": "2025-03-07T21:29:17.232Z"}}, {"model": "sessions.session", "pk": "4u9omim4d502a0udt13f9w6rjbnhkhbu", "fields": {"session_data": ".eJxVjDsOwjAQBe_iGlm7XtuxKek5g7X-kQCKpTipEHeHSCmgfTPzXiLwto5h62UJUxZngeL0u0VOjzLvIN95vjWZ2rwuU5S7Ig_a5bXl8rwc7t_ByH381gPV6oxjhUwm1qQ9GrAQPaLRBKgwebYckx1AVUsE0UHVUFFnIq_E-wO9UTaU:1trxAU:rTIxXbGJmRLbbCPWSQ_nZx8bCHIXY1LHP63D5JiovrE", "expire_date": "2025-03-11T10:54:02.969Z"}}, {"model": "sessions.session", "pk": "5ftqb8re0ky4w82m3dntv50pg1rrj04n", "fields": {"session_data": ".eJxVjM0OwiAQhN-FsyGsBRc8eu8zkOVnpWpoUtqT8d2lSQ96nPm-mbfwtK3Fby0vfkriKrQ4_XaB4jPXHaQH1fss41zXZQpyV-RBmxznlF-3w_07KNRKXw9GX0xiRejyGbRl0pEoQkZFURlDCRDYWde5ZcuIAKy4h0EjYxCfL-XUN_I:1tpdrF:McG875KpDt1S3un_jeCc2a0-vxV7XaGHjKzoEuOhIu8", "expire_date": "2025-03-05T01:52:37.635Z"}}, {"model": "sessions.session", "pk": "5noqnluzafibu91g6w867wpq2hgfg86r", "fields": {"session_data": ".eJxVjMEOwiAQRP-FsyEslAoevfsNZGEXqRpISnsy_rtt0oMeZ96beYuA61LC2nkOE4mLGMTpt4uYnlx3QA-s9yZTq8s8Rbkr8qBd3hrx63q4fwcFe9nWiBlHAIRsCTSDN5ydU87wSIlBk-MzMJD1WzCRMWeftFFmSMq6pMTnC_9IOFI:1tvdJT:qFgO6cBh2eT7XLIU8ebLWfTJcbTxTCae8oKaTVoyYoU", "expire_date": "2025-03-21T14:30:31.121Z"}}, {"model": "sessions.session", "pk": "73k5v6pwwgi88gk84ni5eni2ho4w2jjg", "fields": {"session_data": ".eJxVjDsOwjAQBe_iGlm7XtuxKek5g7X-kQCKpTipEHeHSCmgfTPzXiLwto5h62UJUxZngeL0u0VOjzLvIN95vjWZ2rwuU5S7Ig_a5bXl8rwc7t_ByH381gPV6oxjhUwm1qQ9GrAQPaLRBKgwebYckx1AVUsE0UHVUFFnIq_E-wO9UTaU:1tpwzp:jQLTFF3T91bdJXSyScxT_QfAy_sBospOazSizI7f3mk", "expire_date": "2025-03-05T22:18:45.620Z"}}, {"model": "sessions.session", "pk": "7vpg1hvd01c9ex0vq86zvsd05lp3xq99", "fields": {"session_data": ".eJxVjMEOwiAQRP-FsyEslAoevfsNZGEXqRpISnsy_rtt0oMeZ96beYuA61LC2nkOE4mLGMTpt4uYnlx3QA-s9yZTq8s8Rbkr8qBd3hrx63q4fwcFe9nWiBlHAIRsCTSDN5ydU87wSIlBk-MzMJD1WzCRMWeftFFmSMq6pMTnC_9IOFI:1twJMP:0arClqiMNdLJ6ELepUCsmHq9eVOZhjB6qGjyOkH7LzQ", "expire_date": "2025-03-23T11:24:21.339Z"}}, {"model": "sessions.session", "pk": "9303cg2ir0m5vd0a4bkhjtapus3v7xio", "fields": {"session_data": ".eJxVjDsOwjAQBe_iGlm7XtuxKek5g7X-kQCKpTipEHeHSCmgfTPzXiLwto5h62UJUxZngeL0u0VOjzLvIN95vjWZ2rwuU5S7Ig_a5bXl8rwc7t_ByH381gPV6oxjhUwm1qQ9GrAQPaLRBKgwebYckx1AVUsE0UHVUFFnIq_E-wO9UTaU:1tpriB:c43D1o_WfoZ8WaOu-w0sf4cU4s1jNReKBtTm_LClHCo", "expire_date": "2025-03-05T16:40:11.584Z"}}, {"model": "sessions.session", "pk": "adr319dmkqjc9m63eb8l51sl5obiatwr", "fields": {"session_data": ".eJxVjDsOwjAQBe_iGlm7XtuxKek5g7X-kQCKpTipEHeHSCmgfTPzXiLwto5h62UJUxZngeL0u0VOjzLvIN95vjWZ2rwuU5S7Ig_a5bXl8rwc7t_ByH381gPV6oxjhUwm1qQ9GrAQPaLRBKgwebYckx1AVUsE0UHVUFFnIq_E-wO9UTaU:1tpaE1:qStTn58vNeDejLq1ihiSdid6EahOrHoTZkUid7Y59UY", "expire_date": "2025-03-04T21:59:53.557Z"}}, {"model": "sessions.session", "pk": "amokq7gqe2oxl0wc529qpbbhtobzl0jp", "fields": {"session_data": ".eJxVjDsOwjAQBe_iGlm7XtuxKek5g7X-kQCKpTipEHeHSCmgfTPzXiLwto5h62UJUxZngeL0u0VOjzLvIN95vjWZ2rwuU5S7Ig_a5bXl8rwc7t_ByH381gPV6oxjhUwm1qQ9GrAQPaLRBKgwebYckx1AVUsE0UHVUFFnIq_E-wO9UTaU:1tw15A:YeUqf4pw8PpHd7kvZDXbHoKlnSAmuMU5CFBeOHZum90", "expire_date": "2025-03-22T15:53:20.298Z"}}, {"model": "sessions.session", "pk": "aq6ba6qtw8f8xfbzfc0klshfl2ucbwcq", "fields": {"session_data": ".eJxVjDsOwjAQBe_iGlm7XtuxKek5g7X-kQCKpTipEHeHSCmgfTPzXiLwto5h62UJUxZngeL0u0VOjzLvIN95vjWZ2rwuU5S7Ig_a5bXl8rwc7t_ByH381gPV6oxjhUwm1qQ9GrAQPaLRBKgwebYckx1AVUsE0UHVUFFnIq_E-wO9UTaU:1tw18i:0m9ow9nEkwbv3EkzlyuQoCIJJQX3XNucyZ7DRbEgEwc", "expire_date": "2025-03-22T15:57:00.931Z"}}, {"model": "sessions.session", "pk": "b8avo7z3yglpzgbt6ezg2o812e8ybusd", "fields": {"session_data": ".eJxVjDsOwjAQBe_iGlm7XtuxKek5g7X-kQCKpTipEHeHSCmgfTPzXiLwto5h62UJUxZngeL0u0VOjzLvIN95vjWZ2rwuU5S7Ig_a5bXl8rwc7t_ByH381gPV6oxjhUwm1qQ9GrAQPaLRBKgwebYckx1AVUsE0UHVUFFnIq_E-wO9UTaU:1tqZ3X:KSXHzbCV0bju1iyhJKP0Gplz5o4YWa35noQmtar6ktw", "expire_date": "2025-03-07T14:57:07.910Z"}}, {"model": "sessions.session", "pk": "b91w5jqi1noqmi6y14vg4qj2s6lk3wbz", "fields": {"session_data": ".eJxVjMEOwiAQRP-FsyEslAoevfsNZGEXqRpISnsy_rtt0oMeZ96beYuA61LC2nkOE4mLGMTpt4uYnlx3QA-s9yZTq8s8Rbkr8qBd3hrx63q4fwcFe9nWiBlHAIRsCTSDN5ydU87wSIlBk-MzMJD1WzCRMWeftFFmSMq6pMTnC_9IOFI:1tpwm4:HVhdmq37RD27WUIJFUklCkEICkSX63KxthpRZVUsvIc", "expire_date": "2025-03-05T22:04:32.869Z"}}, {"model": "sessions.session", "pk": "befgr7nwx56mh1x3shd3927goql0uv3z", "fields": {"session_data": ".eJxVjMEOwiAQRP-FsyEslAoevfsNZGEXqRpISnsy_rtt0oMeZ96beYuA61LC2nkOE4mLGMTpt4uYnlx3QA-s9yZTq8s8Rbkr8qBd3hrx63q4fwcFe9nWiBlHAIRsCTSDN5ydU87wSIlBk-MzMJD1WzCRMWeftFFmSMq6pMTnC_9IOFI:1tsqOI:VS7EmpQMRoZah4ek_kH61Ad0lW-szPqpjIwfmVTxeVU", "expire_date": "2025-03-13T21:51:58.404Z"}}, {"model": "sessions.session", "pk": "duzg77cmenbzi5bpnoeu7jazpijc67q5", "fields": {"session_data": ".eJxVjMsOwiAQRf-FtSE8ZDq4dO83kGEAqRqalHZl_HfbpAvdnnPufYtA61LD2vMcxiQuwonTL4vEz9x2kR7U7pPkqS3zGOWeyMN2eZtSfl2P9u-gUq_bulhCbXLEwrkwQqYEyrJL3g2luAG8VgoNwkY0-ohWAZOyAAbMmVh8vvbAN4o:1tqjhb:eX0pxYlaSe7ZukR2jtG6dY-aF_SvhRJKBKc_el-tv8I", "expire_date": "2025-03-08T02:19:11.151Z"}}, {"model": "sessions.session", "pk": "dwb77ob12xfdgfkewsk2doms1upd6bzo", "fields": {"session_data": ".eJxVjMEOwiAQRP-FsyEslAoevfsNZGEXqRpISnsy_rtt0oMeZ96beYuA61LC2nkOE4mLGMTpt4uYnlx3QA-s9yZTq8s8Rbkr8qBd3hrx63q4fwcFe9nWiBlHAIRsCTSDN5ydU87wSIlBk-MzMJD1WzCRMWeftFFmSMq6pMTnC_9IOFI:1tqEYX:xLJALBeikv4cs7H8AMdVSvH7qgwVC1xHVUbTLgQPT2c", "expire_date": "2025-03-06T17:03:45.926Z"}}, {"model": "sessions.session", "pk": "dz6lm9t7rd6wl7q0ysag99gjpp8r2di3", "fields": {"session_data": ".eJxVjDsOwjAQBe_iGlm7XtuxKek5g7X-kQCKpTipEHeHSCmgfTPzXiLwto5h62UJUxZngeL0u0VOjzLvIN95vjWZ2rwuU5S7Ig_a5bXl8rwc7t_ByH381gPV6oxjhUwm1qQ9GrAQPaLRBKgwebYckx1AVUsE0UHVUFFnIq_E-wO9UTaU:1tqk4D:6KqhyvFHOFgpecDFL2Qcn0bhvYn1rLJ-GF6QByiPJE4", "expire_date": "2025-03-08T02:42:33.424Z"}}, {"model": "sessions.session", "pk": "g0gn3l5rc0jsldjdcentbntyyi9ooc7m", "fields": {"session_data": ".eJxVjMEOwiAQRP-FsyEslAoevfsNZGEXqRpISnsy_rtt0oMeZ96beYuA61LC2nkOE4mLGMTpt4uYnlx3QA-s9yZTq8s8Rbkr8qBd3hrx63q4fwcFe9nWiBlHAIRsCTSDN5ydU87wSIlBk-MzMJD1WzCRMWeftFFmSMq6pMTnC_9IOFI:1tsWq2:FTrXLbbtZ-WbH5osACGx4B_Dw-lFRvNoF_NzuWNQhdk", "expire_date": "2025-03-13T00:59:18.738Z"}}, {"model": "sessions.session", "pk": "geqspz37242xzlqglu09m5uyc0hkqrlq", "fields": {"session_data": ".eJxVjMEOwiAQRP-FsyEslAoevfsNZGEXqRpISnsy_rtt0oMeZ96beYuA61LC2nkOE4mLGMTpt4uYnlx3QA-s9yZTq8s8Rbkr8qBd3hrx63q4fwcFe9nWiBlHAIRsCTSDN5ydU87wSIlBk-MzMJD1WzCRMWeftFFmSMq6pMTnC_9IOFI:1tr0kM:0DukCH3TP7xQQ4y3JTTaiR7lyZnD0-laQitXCQ8bqDQ", "expire_date": "2025-03-08T20:31:10.207Z"}}, {"model": "sessions.session", "pk": "j29rf84hbp1jcucb5fatiutbduopoj54", "fields": {"session_data": ".eJxVjMEOwiAQRP-FsyEslAoevfsNZGEXqRpISnsy_rtt0oMeZ96beYuA61LC2nkOE4mLGMTpt4uYnlx3QA-s9yZTq8s8Rbkr8qBd3hrx63q4fwcFe9nWiBlHAIRsCTSDN5ydU87wSIlBk-MzMJD1WzCRMWeftFFmSMq6pMTnC_9IOFI:1tt6Vq:oxOa_Cv0uInu0JHjcY-EFW2ilnXfis8s7bJe9I5mWQE", "expire_date": "2025-03-14T15:04:50.394Z"}}, {"model": "sessions.session", "pk": "jjnrb1c5trveiox811ycaaxuhrfflgk5", "fields": {"session_data": ".eJxVjMEOwiAQRP-FsyEslAoevfsNZGEXqRpISnsy_rtt0oMeZ96beYuA61LC2nkOE4mLGMTpt4uYnlx3QA-s9yZTq8s8Rbkr8qBd3hrx63q4fwcFe9nWiBlHAIRsCTSDN5ydU87wSIlBk-MzMJD1WzCRMWeftFFmSMq6pMTnC_9IOFI:1tqYpY:lXRbdRoCHyOKx2hFUwKNI4qjGX060CRI0UNQHlH18A8", "expire_date": "2025-03-07T14:42:40.434Z"}}, {"model": "sessions.session", "pk": "kz2ojymn8ajuqplq3p6annlqevwyw78q", "fields": {"session_data": ".eJxVjDsOwjAQBe_iGlm7XtuxKek5g7X-kQCKpTipEHeHSCmgfTPzXiLwto5h62UJUxZngeL0u0VOjzLvIN95vjWZ2rwuU5S7Ig_a5bXl8rwc7t_ByH381gPV6oxjhUwm1qQ9GrAQPaLRBKgwebYckx1AVUsE0UHVUFFnIq_E-wO9UTaU:1tprRq:0JGKPEaaY6o4eYKTOCo_2gCJHrqCugdj2_KCxqvOC1s", "expire_date": "2025-03-05T16:23:18.153Z"}}, {"model": "sessions.session", "pk": "l85s0cwyulzad84b76t08dpoef8kpgyj", "fields": {"session_data": ".eJxVjMEOwiAQRP-FsyEslAoevfsNZGEXqRpISnsy_rtt0oMeZ96beYuA61LC2nkOE4mLGMTpt4uYnlx3QA-s9yZTq8s8Rbkr8qBd3hrx63q4fwcFe9nWiBlHAIRsCTSDN5ydU87wSIlBk-MzMJD1WzCRMWeftFFmSMq6pMTnC_9IOFI:1tqEhq:yydmRGfHV6yjhsdXETOMi7bzABoYu-Ch1_3Ec8N88UM", "expire_date": "2025-03-06T17:13:22.286Z"}}, {"model": "sessions.session", "pk": "lkz0jyc0dqqgjtthj24gtcgh5lxwh4x0", "fields": {"session_data": ".eJxVjMEOwiAQRP-FsyEslAoevfsNZGEXqRpISnsy_rtt0oMeZ96beYuA61LC2nkOE4mLGMTpt4uYnlx3QA-s9yZTq8s8Rbkr8qBd3hrx63q4fwcFe9nWiBlHAIRsCTSDN5ydU87wSIlBk-MzMJD1WzCRMWeftFFmSMq6pMTnC_9IOFI:1tqERx:E26yk-6PM1ycK7bCtNTlkM_45DpEUQnBC6_mSTahw9g", "expire_date": "2025-03-06T16:56:57.804Z"}}, {"model": "sessions.session", "pk": "lskrwbyd564oh76n0rl35inw1kb6kcng", "fields": {"session_data": ".eJxVjMEOwiAQRP-FsyEslAoevfsNZGEXqRpISnsy_rtt0oMeZ96beYuA61LC2nkOE4mLGMTpt4uYnlx3QA-s9yZTq8s8Rbkr8qBd3hrx63q4fwcFe9nWiBlHAIRsCTSDN5ydU87wSIlBk-MzMJD1WzCRMWeftFFmSMq6pMTnC_9IOFI:1ttRSx:DNA3r2GpEfNlUNPa4wYbsVHJ-XT6bce43jK-SMg-X4A", "expire_date": "2025-03-15T13:27:15.346Z"}}, {"model": "sessions.session", "pk": "m13jsyvi8kgzqs5n7s8ebuatmn45dtad", "fields": {"session_data": ".eJxVjMEOwiAQRP-FsyEslAoevfsNZGEXqRpISnsy_rtt0oMeZ96beYuA61LC2nkOE4mLGMTpt4uYnlx3QA-s9yZTq8s8Rbkr8qBd3hrx63q4fwcFe9nWiBlHAIRsCTSDN5ydU87wSIlBk-MzMJD1WzCRMWeftFFmSMq6pMTnC_9IOFI:1tqQBN:Nq5se8ZPg3BARcXP2fPeopBXF-1HkioEr1mPtKHhGI4", "expire_date": "2025-03-07T05:28:37.736Z"}}, {"model": "sessions.session", "pk": "nlydry76no766p6284n0qj4ul5v3wh68", "fields": {"session_data": ".eJxVjMEOwiAQRP-FsyEslAoevfsNZGEXqRpISnsy_rtt0oMeZ96beYuA61LC2nkOE4mLGMTpt4uYnlx3QA-s9yZTq8s8Rbkr8qBd3hrx63q4fwcFe9nWiBlHAIRsCTSDN5ydU87wSIlBk-MzMJD1WzCRMWeftFFmSMq6pMTnC_9IOFI:1ttRTK:vXxna37cVK-aYYg4dDGuyxqbVSF45DTK43nu4If5H3M", "expire_date": "2025-03-15T13:27:38.945Z"}}, {"model": "sessions.session", "pk": "ohri18y6n6ld0zr6dj0opbxi8zy625z9", "fields": {"session_data": ".eJxVjMEOwiAQRP-FsyEslAoevfsNZGEXqRpISnsy_rtt0oMeZ96beYuA61LC2nkOE4mLGMTpt4uYnlx3QA-s9yZTq8s8Rbkr8qBd3hrx63q4fwcFe9nWiBlHAIRsCTSDN5ydU87wSIlBk-MzMJD1WzCRMWeftFFmSMq6pMTnC_9IOFI:1ttXPw:gaAvpbD0I3iIwjC2-xSAosjLa33BP00Otpao2hGugmw", "expire_date": "2025-03-15T19:48:32.339Z"}}, {"model": "sessions.session", "pk": "okfkwq9ezp3d3x65idm09hm2j9fbslwu", "fields": {"session_data": ".eJxVjDsOwjAQBe_iGlm7XtuxKek5g7X-kQCKpTipEHeHSCmgfTPzXiLwto5h62UJUxZngeL0u0VOjzLvIN95vjWZ2rwuU5S7Ig_a5bXl8rwc7t_ByH381gPV6oxjhUwm1qQ9GrAQPaLRBKgwebYckx1AVUsE0UHVUFFnIq_E-wO9UTaU:1tpddP:xJrCc_buQAoPQCrh0yndtzTov3gp29Qak9qAhVsvYCA", "expire_date": "2025-03-05T01:38:19.418Z"}}, {"model": "sessions.session", "pk": "p4oszz0c8lrij5lyc0bk29xir94oml1o", "fields": {"session_data": ".eJxVjDsOwjAQBe_iGlm7XtuxKek5g7X-kQCKpTipEHeHSCmgfTPzXiLwto5h62UJUxZngeL0u0VOjzLvIN95vjWZ2rwuU5S7Ig_a5bXl8rwc7t_ByH381gPV6oxjhUwm1qQ9GrAQPaLRBKgwebYckx1AVUsE0UHVUFFnIq_E-wO9UTaU:1tppJF:1FzUaAYHqUohVvfOpLUPKGXTKXRho98hQmR_ws9-v7o", "expire_date": "2025-03-05T14:06:17.518Z"}}, {"model": "sessions.session", "pk": "pebybhfrz5ljxmd47wt9zzk26ld7eom0", "fields": {"session_data": ".eJxVjMEOwiAQRP-FsyEslAoevfsNZGEXqRpISnsy_rtt0oMeZ96beYuA61LC2nkOE4mLGMTpt4uYnlx3QA-s9yZTq8s8Rbkr8qBd3hrx63q4fwcFe9nWiBlHAIRsCTSDN5ydU87wSIlBk-MzMJD1WzCRMWeftFFmSMq6pMTnC_9IOFI:1tqYKk:uamoxx_ytzsuwpe0A43f7-_rYDQ3f7eLLLEmOSXW61I", "expire_date": "2025-03-07T14:10:50.860Z"}}, {"model": "sessions.session", "pk": "pwsvaw6bhbtir130a2m4oqh4g9h6qikk", "fields": {"session_data": ".eJxVjMEOwiAQRP-FsyEslAoevfsNZGEXqRpISnsy_rtt0oMeZ96beYuA61LC2nkOE4mLGMTpt4uYnlx3QA-s9yZTq8s8Rbkr8qBd3hrx63q4fwcFe9nWiBlHAIRsCTSDN5ydU87wSIlBk-MzMJD1WzCRMWeftFFmSMq6pMTnC_9IOFI:1tu77a:puoqzyCXI7OENh77VJ8oOoEaE_PF2wxhp69KXEKPAwA", "expire_date": "2025-03-17T09:55:58.238Z"}}, {"model": "sessions.session", "pk": "r5ek5wst5ezxbh613z9m2cie0303wrep", "fields": {"session_data": ".eJxVjDsOwjAQBe_iGlm7XtuxKek5g7X-kQCKpTipEHeHSCmgfTPzXiLwto5h62UJUxZngeL0u0VOjzLvIN95vjWZ2rwuU5S7Ig_a5bXl8rwc7t_ByH381gPV6oxjhUwm1qQ9GrAQPaLRBKgwebYckx1AVUsE0UHVUFFnIq_E-wO9UTaU:1tw1MF:4NQvewD3kcrcRDRrxdGHNJsAgpYvXDLEQs3uHZlnoms", "expire_date": "2025-03-22T16:10:59.629Z"}}, {"model": "sessions.session", "pk": "srxgqd2973odbss9th4nwjbp0ffah0ne", "fields": {"session_data": ".eJxVjMEOwiAQRP-FsyEslAoevfsNZGEXqRpISnsy_rtt0oMeZ96beYuA61LC2nkOE4mLGMTpt4uYnlx3QA-s9yZTq8s8Rbkr8qBd3hrx63q4fwcFe9nWiBlHAIRsCTSDN5ydU87wSIlBk-MzMJD1WzCRMWeftFFmSMq6pMTnC_9IOFI:1tsuoH:nTRYdjfrNpnhkqqA2UoYZ3I4J0YcenHXww1lITi7cDc", "expire_date": "2025-03-14T02:35:05.470Z"}}, {"model": "sessions.session", "pk": "tdooverm3lfsoy3oevt5lg6cocx7j6qq", "fields": {"session_data": ".eJxVjDsOwjAQBe_iGlm7XtuxKek5g7X-kQCKpTipEHeHSCmgfTPzXiLwto5h62UJUxZngeL0u0VOjzLvIN95vjWZ2rwuU5S7Ig_a5bXl8rwc7t_ByH381gPV6oxjhUwm1qQ9GrAQPaLRBKgwebYckx1AVUsE0UHVUFFnIq_E-wO9UTaU:1tqYtA:a7MDrcy50VmWfRunwjMmzxsRamDWIFjyrujK6f9scJc", "expire_date": "2025-03-07T14:46:24.535Z"}}, {"model": "sessions.session", "pk": "tqr8d9tnhhyi8n7eun03mtw1tna2twzp", "fields": {"session_data": ".eJxVjDsOwjAQBe_iGlm7XtuxKek5g7X-kQCKpTipEHeHSCmgfTPzXiLwto5h62UJUxZngeL0u0VOjzLvIN95vjWZ2rwuU5S7Ig_a5bXl8rwc7t_ByH381gPV6oxjhUwm1qQ9GrAQPaLRBKgwebYckx1AVUsE0UHVUFFnIq_E-wO9UTaU:1twKNn:ABEnLP_tQsRPLx4QV729_j06dXVYQO7Uj-9cnZaEcvo", "expire_date": "2025-03-23T12:29:51.815Z"}}, {"model": "sessions.session", "pk": "uwnf27psmjzc5ma9j5qnw4pz9l45e2lp", "fields": {"session_data": ".eJxVjMEOwiAQRP-FsyEslAoevfsNZGEXqRpISnsy_rtt0oMeZ96beYuA61LC2nkOE4mLGMTpt4uYnlx3QA-s9yZTq8s8Rbkr8qBd3hrx63q4fwcFe9nWiBlHAIRsCTSDN5ydU87wSIlBk-MzMJD1WzCRMWeftFFmSMq6pMTnC_9IOFI:1tsXV2:dkuyQE9zuG86BJf8hrcyNZ0CsxklRjNbwoRLr6uiz5I", "expire_date": "2025-03-13T01:41:40.345Z"}}, {"model": "sessions.session", "pk": "v22vh5hxcizj5ohjdcbltsvq3dsgtkw7", "fields": {"session_data": ".eJxVjDsOwjAQBe_iGlm7XtuxKek5g7X-kQCKpTipEHeHSCmgfTPzXiLwto5h62UJUxZngeL0u0VOjzLvIN95vjWZ2rwuU5S7Ig_a5bXl8rwc7t_ByH381gPV6oxjhUwm1qQ9GrAQPaLRBKgwebYckx1AVUsE0UHVUFFnIq_E-wO9UTaU:1tpdda:D8f3KftQw2Dt6ehOxUbF_Z2QvuUuvUG8i5nmJ_x1vms", "expire_date": "2025-03-05T01:38:30.183Z"}}, {"model": "sessions.session", "pk": "w0llew71rla0sc7uayb3p8caaxncsds2", "fields": {"session_data": ".eJxVjMEOwiAQRP-FsyEslAoevfsNZGEXqRpISnsy_rtt0oMeZ96beYuA61LC2nkOE4mLGMTpt4uYnlx3QA-s9yZTq8s8Rbkr8qBd3hrx63q4fwcFe9nWiBlHAIRsCTSDN5ydU87wSIlBk-MzMJD1WzCRMWeftFFmSMq6pMTnC_9IOFI:1twWIb:M3mkS1G4E_erGNXMBprxgvY8TSV0GeTOjYRd0Epojgo", "expire_date": "2025-03-24T01:13:17.715Z"}}, {"model": "sessions.session", "pk": "wbm3s9atsdgtxsbp6d9huy8b3oinsrql", "fields": {"session_data": ".eJxVjMEOwiAQRP-FsyEslAoevfsNZGEXqRpISnsy_rtt0oMeZ96beYuA61LC2nkOE4mLGMTpt4uYnlx3QA-s9yZTq8s8Rbkr8qBd3hrx63q4fwcFe9nWiBlHAIRsCTSDN5ydU87wSIlBk-MzMJD1WzCRMWeftFFmSMq6pMTnC_9IOFI:1tsYFJ:aDipBaJJhSjJc3inVc3_oDFsLBlW093w5MSAo54EqXg", "expire_date": "2025-03-13T02:29:29.507Z"}}, {"model": "sessions.session", "pk": "wtvb8w2omekyjl3x6p2xu5d79de26jur", "fields": {"session_data": ".eJxVjDsOwjAQBe_iGlm7XtuxKek5g7X-kQCKpTipEHeHSCmgfTPzXiLwto5h62UJUxZngeL0u0VOjzLvIN95vjWZ2rwuU5S7Ig_a5bXl8rwc7t_ByH381gPV6oxjhUwm1qQ9GrAQPaLRBKgwebYckx1AVUsE0UHVUFFnIq_E-wO9UTaU:1tw5F4:GI2pOOV6t-UybDl-gbKTh4vPwzLI-iCTKtezmb6I_rY", "expire_date": "2025-03-22T20:19:50.697Z"}}, {"model": "sessions.session", "pk": "x6sm4htnfw94i0lwke6ed6wa3tti2u2s", "fields": {"session_data": ".eJxVjM0OwiAQhN-FsyGsBRc8eu8zkOVnpWpoUtqT8d2lSQ96nPm-mbfwtK3Fby0vfkriKrQ4_XaB4jPXHaQH1fss41zXZQpyV-RBmxznlF-3w_07KNRKXw9GX0xiRejyGbRl0pEoQkZFURlDCRDYWde5ZcuIAKy4h0EjYxCfL-XUN_I:1tpe1Q:W2YC710-sohBZGKpVJqXu4SY0q4nou4Tcg046V63CAk", "expire_date": "2025-03-05T02:03:08.102Z"}}, {"model": "sessions.session", "pk": "z37z7f0d0jawgvzlfmdv4gbl5fwg75ed", "fields": {"session_data": ".eJxVjMEOwiAQRP-FsyEslAoevfsNZGEXqRpISnsy_rtt0oMeZ96beYuA61LC2nkOE4mLGMTpt4uYnlx3QA-s9yZTq8s8Rbkr8qBd3hrx63q4fwcFe9nWiBlHAIRsCTSDN5ydU87wSIlBk-MzMJD1WzCRMWeftFFmSMq6pMTnC_9IOFI:1twJbm:qFv2QFX0O1YL9xorcFOYtRQolGc7g_kYJnAODv_RUKM", "expire_date": "2025-03-23T11:40:14.189Z"}}, {"model": "sessions.session", "pk": "z8vf4i8taxcgop3m38po5o0656rpsrna", "fields": {"session_data": ".eJxVjDsOwjAQBe_iGlm7XtuxKek5g7X-kQCKpTipEHeHSCmgfTPzXiLwto5h62UJUxZngeL0u0VOjzLvIN95vjWZ2rwuU5S7Ig_a5bXl8rwc7t_ByH381gPV6oxjhUwm1qQ9GrAQPaLRBKgwebYckx1AVUsE0UHVUFFnIq_E-wO9UTaU:1trxOv:fy2YnMxgcHXtlA8UGXdbDib1yGHb3iguRW7LcDCplow", "expire_date": "2025-03-11T11:08:57.676Z"}}, {"model": "accounts.customuser", "pk": 1, "fields": {"password": "pbkdf2_sha256$870000$qpbDoruiMYvP5ts2MefD9Z$F/RpkmQOZ2YGZoT3VtOA2F1swFnBmH9mutDdMMNiLiI=", "last_login": "2025-03-24T01:05:19.655Z", "is_superuser": true, "username": "dcarioto", "first_name": "Super User", "last_name": "Dave", "email": "dcarioto114@outlook.com", "is_staff": true, "is_active": true, "date_joined": "2025-03-04T21:54:00Z", "role": "superuser", "restaurant": null, "groups": [], "user_permissions": [21, 22, 23, 24, 1, 2, 3, 4, 33, 34, 35, 36, 9, 10, 11, 12, 5, 6, 7, 8, 13, 14, 15, 16, 29, 30, 31, 32, 25, 26, 27, 28, 17, 18, 19, 20], "restaurants": []}}, {"model": "accounts.customuser", "pk": 2, "fields": {"password": "pbkdf2_sha256$870000$kFAcGMrqxptC6D50zxgaLP$Eg7tuJ9bw6LT+BSIxVjzD0tM7JQfxTDubyZowScI5CE=", "last_login": "2025-03-11T10:47:02.537Z", "is_superuser": false, "username": "Rmikita", "first_name": "Richard", "last_name": "Mikita", "email": "leetsdale02608@gmail.com", "is_staff": false, "is_active": true, "date_joined": "2025-03-05T01:09:24Z", "role": "manager", "restaurant": 1, "groups": [], "user_permissions": [], "restaurants": [1]}}, {"model": "accounts.customuser", "pk": 3, "fields": {"password": "pbkdf2_sha256$870000$g5j8P6hRDKfbxzwTV6gpuY$UxMJJIkVw1Nmb9BKv2dKtYClv3cz/X0kYJqDsISqg1A=", "last_login": "2025-03-05T01:29:53.090Z", "is_superuser": false, "username": "Pstewart", "first_name": "Patrick", "last_name": "Stewart", "email": "GreenTree02342@gmail.com", "is_staff": false, "is_active": true, "date_joined": "2025-03-05T01:24:30Z", "role": "gm", "restaurant": 4, "groups": [], "user_permissions": [], "restaurants": [4]}}, {"model": "accounts.customuser", "pk": 4, "fields": {"password": "pbkdf2_sha256$870000$mRcnCClzq4SyI4qP9tCx5d$HfD4NATNP/pPoUYIHuUKQpN2YEzNZ44ElxaSmqHf7b8=", "last_login": "2025-03-24T15:24:29.951Z", "is_superuser": false, "username": "GmLeetsdale", "first_name": "GM", "last_name": "Leetsdale", "email": "Leetsdale02608@gmail.com", "is_staff": false, "is_active": true, "date_joined": "2025-03-05T01:27:12Z", "role": "gm", "restaurant": 1, "groups": [], "user_permissions": [21, 22, 23, 24, 1, 2, 3, 4, 33, 34, 35, 36, 9, 10, 11, 12, 5, 6, 7, 8, 13, 14, 15, 16, 29, 30, 31, 32, 25, 26, 27, 28, 17, 18, 19, 20], "restaurants": [1]}}, {"model": "accounts.customuser", "pk": 5, "fields": {"password": "pbkdf2_sha256$870000$IADEaRZ1CAIBrX1BExVeDX$6zKlv0pQEpXUgmGCEIr1RralVmDFTYNt/Xsv7IOSrzc=", "last_login": "2025-03-08T02:13:41.136Z", "is_superuser": false, "username": "demoGM", "first_name": "Demo", "last_name": "GM", "email": "demogm@demogm.com", "is_staff": false, "is_active": true, "date_joined": "2025-03-08T02:05:09Z", "role": "gm", "restaurant": 9, "groups": [], "user_permissions": [], "restaurants": []}}, {"model": "accounts.customuser", "pk": 6, "fields": {"password": "pbkdf2_sha256$870000$syMk9A4NOyZeBTIsZUxjRq$4jf+y3MrmpOgOWhwrWHtetrLB9qMi7BK/tapHKXCDUw=", "last_login": "2025-03-09T00:49:02.326Z", "is_superuser": false, "username": "JDavis", "first_name": "James", "last_name": "Davis", "email": "Jamesduguay57@gmail.com", "is_staff": false, "is_active": true, "date_joined": "2025-03-09T00:47:16Z", "role": "manager", "restaurant": 1, "groups": [], "user_permissions": [], "restaurants": [1]}}, {"model": "accounts.customuser", "pk": 7, "fields": {"password": "pbkdf2_sha256$870000$ymiOLDU3XSX2l78IxbMThT$UQf9ED4IruYcvNs6KkeH1DIGdhZ3cHJWMJPcasnnplk=", "last_login": "2025-03-11T11:04:11.738Z", "is_superuser": false, "username": "Ccorbitt", "first_name": "Claude", "last_name": "Corbitt", "email": "leetsdale02608@gmail.com", "is_staff": false, "is_active": true, "date_joined": "2025-03-11T11:00:17Z", "role": "manager", "restaurant": 1, "groups": [], "user_permissions": [], "restaurants": [1]}}, {"model": "accounts.customuser", "pk": 8, "fields": {"password": "pbkdf2_sha256$870000$xCyHhtc29vvlqSZHfwjWxT$enr2phmaiQrT4RDuIu2CbMEViRxUvIK684GHWF8YIKM=", "last_login": null, "is_superuser": false, "username": "testgm", "first_name": "test", "last_name": "gm", "email": "testemail@test.email", "is_staff": false, "is_active": true, "date_joined": "2025-03-22T15:48:14.614Z", "role": "manager", "restaurant": 4, "groups": [], "user_permissions": [], "restaurants": []}}, {"model": "restaurants.restaurant", "pk": 1, "fields": {"name": "Leetsdale", "storeid": "2608", "address": "9 Quaker Village Shopping Center", "gm": 4}}, {"model": "restaurants.restaurant", "pk": 3, "fields": {"name": "Avalon", "storeid": "2362", "address": "1015 Ohio River Blvd", "gm": null}}, {"model": "restaurants.restaurant", "pk": 4, "fields": {"name": "Green Tree", "storeid": "2342", "address": "1660 Cochran Rd", "gm": 3}}, {"model": "restaurants.restaurant", "pk": 5, "fields": {"name": "Noblestown", "storeid": "2373", "address": "2237 Noblestown Rd", "gm": null}}, {"model": "restaurants.restaurant", "pk": 6, "fields": {"name": "Robinson / Steubenville Pike", "storeid": "2372", "address": "6296 Steubenville Pike", "gm": null}}, {"model": "restaurants.restaurant", "pk": 7, "fields": {"name": "Tridelphia / Cabelas", "storeid": "11101", "address": "220Cabela Dr.", "gm": null}}, {"model": "restaurants.restaurant", "pk": 8, "fields": {"name": "Allegheny Ave", "storeid": "9394", "address": "725 Allegheny Ave", "gm": null}}, {"model": "restaurants.restaurant", "pk": 9, "fields": {"name": "DemoRestaurant", "storeid": "99999", "address": "9999 demo street", "gm": 5}}, {"model": "restaurants.employee", "pk": 2, "fields": {"restaurant": 1, "first_name": "Amanda", "last_name": "Restaino"}}, {"model": "restaurants.employee", "pk": 3, "fields": {"restaurant": 1, "first_name": "Charles", "last_name": "White"}}, {"model": "restaurants.employee", "pk": 4, "fields": {"restaurant": 1, "first_name": "Amariana", "last_name": "Williams"}}, {"model": "restaurants.employee", "pk": 5, "fields": {"restaurant": 1, "first_name": "Carla", "last_name": "Sanchez"}}, {"model": "restaurants.employee", "pk": 6, "fields": {"restaurant": 1, "first_name": "Catherine", "last_name": "Fennell"}}, {"model": "restaurants.employee", "pk": 7, "fields": {"restaurant": 1, "first_name": "Chloe", "last_name": "Wingrove"}}, {"model": "restaurants.employee", "pk": 8, "fields": {"restaurant": 1, "first_name": "Destiny", "last_name": "Williams"}}, {"model": "restaurants.employee", "pk": 9, "fields": {"restaurant": 1, "first_name": "Don", "last_name": "Johnson"}}, {"model": "restaurants.employee", "pk": 10, "fields": {"restaurant": 1, "first_name": "Justin", "last_name": "Ursic"}}, {"model": "restaurants.employee", "pk": 11, "fields": {"restaurant": 1, "first_name": "Wendy", "last_name": "Halfhill"}}, {"model": "restaurants.employee", "pk": 12, "fields": {"restaurant": 1, "first_name": "Rha'Mauri", "last_name": "Campbell"}}, {"model": "restaurants.employee", "pk": 13, "fields": {"restaurant": 1, "first_name": "Ramon", "last_name": "Campbell"}}, {"model": "restaurants.employee", "pk": 14, "fields": {"restaurant": 1, "first_name": "Rebecca", "last_name": "Stewart"}}, {"model": "restaurants.employee", "pk": 15, "fields": {"restaurant": 1, "first_name": "Stephanie", "last_name": "Sanchez"}}, {"model": "restaurants.employee", "pk": 16, "fields": {"restaurant": 1, "first_name": "Charles", "last_name": "Ligons"}}, {"model": "restaurants.employee", "pk": 17, "fields": {"restaurant": 1, "first_name": "Jordan", "last_name": "Coulam"}}, {"model": "restaurants.employee", "pk": 18, "fields": {"restaurant": 1, "first_name": "Lamaar", "last_name": "Williams"}}, {"model": "restaurants.employee", "pk": 19, "fields": {"restaurant": 1, "first_name": "Jocelyn", "last_name": "Douthett"}}, {"model": "restaurants.employee", "pk": 20, "fields": {"restaurant": 1, "first_name": "Nathaly", "last_name": "Sanchez"}}, {"model": "restaurants.employee", "pk": 21, "fields": {"restaurant": 1, "first_name": "Deirdra", "last_name": "Cox"}}, {"model": "attendance.attendancerecord", "pk": 1, "fields": {"employee": 2, "date": "2025-03-06", "code": "P", "comment": "", "created_at": "2025-03-06T23:38:09.870Z", "updated_at": "2025-03-06T23:38:09.870Z"}}, {"model": "attendance.attendancerecord", "pk": 2, "fields": {"employee": 4, "date": "2025-03-06", "code": "L", "comment": "", "created_at": "2025-03-06T23:38:09.883Z", "updated_at": "2025-03-06T23:38:09.883Z"}}, {"model": "attendance.attendancerecord", "pk": 3, "fields": {"employee": 6, "date": "2025-03-06", "code": "P", "comment": "", "created_at": "2025-03-06T23:38:09.898Z", "updated_at": "2025-03-06T23:38:09.898Z"}}, {"model": "attendance.attendancerecord", "pk": 4, "fields": {"employee": 16, "date": "2025-03-06", "code": "L", "comment": "", "created_at": "2025-03-06T23:38:09.910Z", "updated_at": "2025-03-06T23:38:09.910Z"}}, {"model": "attendance.attendancerecord", "pk": 5, "fields": {"employee": 7, "date": "2025-03-06", "code": "P", "comment": "", "created_at": "2025-03-06T23:38:09.920Z", "updated_at": "2025-03-06T23:38:09.920Z"}}, {"model": "attendance.attendancerecord", "pk": 6, "fields": {"employee": 8, "date": "2025-03-06", "code": "P", "comment": "", "created_at": "2025-03-06T23:38:09.933Z", "updated_at": "2025-03-06T23:38:09.933Z"}}, {"model": "attendance.attendancerecord", "pk": 7, "fields": {"employee": 19, "date": "2025-03-06", "code": "P", "comment": "", "created_at": "2025-03-06T23:38:09.956Z", "updated_at": "2025-03-06T23:38:09.956Z"}}, {"model": "attendance.attendancerecord", "pk": 8, "fields": {"employee": 17, "date": "2025-03-06", "code": "P", "comment": "", "created_at": "2025-03-06T23:38:09.966Z", "updated_at": "2025-03-06T23:38:09.966Z"}}, {"model": "attendance.attendancerecord", "pk": 9, "fields": {"employee": 10, "date": "2025-03-06", "code": "P", "comment": "", "created_at": "2025-03-06T23:38:09.976Z", "updated_at": "2025-03-06T23:38:09.976Z"}}, {"model": "attendance.attendancerecord", "pk": 10, "fields": {"employee": 13, "date": "2025-03-06", "code": "P", "comment": "", "created_at": "2025-03-06T23:38:09.990Z", "updated_at": "2025-03-06T23:38:09.990Z"}}, {"model": "attendance.attendancerecord", "pk": 11, "fields": {"employee": 5, "date": "2025-03-05", "code": "P", "comment": "", "created_at": "2025-03-07T01:58:14.998Z", "updated_at": "2025-03-07T01:58:14.998Z"}}, {"model": "attendance.attendancerecord", "pk": 12, "fields": {"employee": 7, "date": "2025-03-05", "code": "P", "comment": "", "created_at": "2025-03-07T01:58:15.033Z", "updated_at": "2025-03-07T01:58:15.033Z"}}, {"model": "attendance.attendancerecord", "pk": 13, "fields": {"employee": 9, "date": "2025-03-05", "code": "P", "comment": "", "created_at": "2025-03-07T01:58:15.047Z", "updated_at": "2025-03-07T01:58:15.048Z"}}, {"model": "attendance.attendancerecord", "pk": 14, "fields": {"employee": 17, "date": "2025-03-05", "code": "P", "comment": "", "created_at": "2025-03-07T01:58:15.062Z", "updated_at": "2025-03-07T01:58:15.062Z"}}, {"model": "attendance.attendancerecord", "pk": 15, "fields": {"employee": 10, "date": "2025-03-05", "code": "P", "comment": "", "created_at": "2025-03-07T01:58:15.073Z", "updated_at": "2025-03-07T01:58:15.073Z"}}, {"model": "attendance.attendancerecord", "pk": 16, "fields": {"employee": 18, "date": "2025-03-05", "code": "P", "comment": "", "created_at": "2025-03-07T01:58:15.082Z", "updated_at": "2025-03-07T01:58:15.082Z"}}, {"model": "attendance.attendancerecord", "pk": 17, "fields": {"employee": 14, "date": "2025-03-05", "code": "P", "comment": "", "created_at": "2025-03-07T01:58:15.095Z", "updated_at": "2025-03-07T01:58:15.095Z"}}, {"model": "attendance.attendancerecord", "pk": 18, "fields": {"employee": 15, "date": "2025-03-05", "code": "P", "comment": "", "created_at": "2025-03-07T01:58:15.109Z", "updated_at": "2025-03-07T01:58:15.109Z"}}, {"model": "attendance.attendancerecord", "pk": 19, "fields": {"employee": 11, "date": "2025-03-05", "code": "P", "comment": "", "created_at": "2025-03-07T01:58:15.118Z", "updated_at": "2025-03-07T01:58:15.118Z"}}, {"model": "attendance.attendancerecord", "pk": 20, "fields": {"employee": 4, "date": "2025-03-04", "code": "P", "comment": "", "created_at": "2025-03-07T02:01:12.457Z", "updated_at": "2025-03-07T02:01:12.457Z"}}, {"model": "attendance.attendancerecord", "pk": 21, "fields": {"employee": 5, "date": "2025-03-04", "code": "HRO", "comment": "", "created_at": "2025-03-07T02:01:12.466Z", "updated_at": "2025-03-07T02:01:12.466Z"}}, {"model": "attendance.attendancerecord", "pk": 22, "fields": {"employee": 6, "date": "2025-03-04", "code": "P", "comment": "", "created_at": "2025-03-07T02:01:12.476Z", "updated_at": "2025-03-07T02:01:12.476Z"}}, {"model": "attendance.attendancerecord", "pk": 23, "fields": {"employee": 8, "date": "2025-03-04", "code": "P", "comment": "", "created_at": "2025-03-07T02:01:12.505Z", "updated_at": "2025-03-07T02:01:12.505Z"}}, {"model": "attendance.attendancerecord", "pk": 24, "fields": {"employee": 19, "date": "2025-03-04", "code": "XL", "comment": "", "created_at": "2025-03-07T02:01:12.518Z", "updated_at": "2025-03-07T02:01:12.518Z"}}, {"model": "attendance.attendancerecord", "pk": 25, "fields": {"employee": 10, "date": "2025-03-04", "code": "P", "comment": "", "created_at": "2025-03-07T02:01:12.537Z", "updated_at": "2025-03-07T02:01:12.537Z"}}, {"model": "attendance.attendancerecord", "pk": 26, "fields": {"employee": 18, "date": "2025-03-04", "code": "P", "comment": "", "created_at": "2025-03-07T02:01:12.555Z", "updated_at": "2025-03-07T02:01:12.555Z"}}, {"model": "attendance.attendancerecord", "pk": 27, "fields": {"employee": 13, "date": "2025-03-04", "code": "P", "comment": "", "created_at": "2025-03-07T02:01:12.567Z", "updated_at": "2025-03-07T02:01:12.567Z"}}, {"model": "attendance.attendancerecord", "pk": 28, "fields": {"employee": 12, "date": "2025-03-04", "code": "P", "comment": "", "created_at": "2025-03-07T02:01:12.578Z", "updated_at": "2025-03-07T02:01:12.578Z"}}, {"model": "attendance.attendancerecord", "pk": 29, "fields": {"employee": 15, "date": "2025-03-04", "code": "P", "comment": "", "created_at": "2025-03-07T02:01:12.586Z", "updated_at": "2025-03-07T02:01:12.586Z"}}, {"model": "attendance.attendancerecord", "pk": 30, "fields": {"employee": 11, "date": "2025-03-04", "code": "P", "comment": "", "created_at": "2025-03-07T02:01:12.595Z", "updated_at": "2025-03-07T02:01:12.595Z"}}, {"model": "attendance.attendancerecord", "pk": 31, "fields": {"employee": 2, "date": "2025-03-03", "code": "P", "comment": "", "created_at": "2025-03-07T02:03:30.928Z", "updated_at": "2025-03-07T02:04:11.310Z"}}, {"model": "attendance.attendancerecord", "pk": 32, "fields": {"employee": 4, "date": "2025-03-03", "code": "P", "comment": "", "created_at": "2025-03-07T02:03:30.937Z", "updated_at": "2025-03-07T02:04:11.318Z"}}, {"model": "attendance.attendancerecord", "pk": 33, "fields": {"employee": 5, "date": "2025-03-03", "code": "P", "comment": "", "created_at": "2025-03-07T02:03:30.945Z", "updated_at": "2025-03-07T02:04:11.327Z"}}, {"model": "attendance.attendancerecord", "pk": 34, "fields": {"employee": 6, "date": "2025-03-03", "code": "P", "comment": "", "created_at": "2025-03-07T02:03:30.953Z", "updated_at": "2025-03-07T02:04:11.336Z"}}, {"model": "attendance.attendancerecord", "pk": 35, "fields": {"employee": 7, "date": "2025-03-03", "code": "P", "comment": "", "created_at": "2025-03-07T02:03:30.968Z", "updated_at": "2025-03-07T02:04:11.352Z"}}, {"model": "attendance.attendancerecord", "pk": 36, "fields": {"employee": 9, "date": "2025-03-03", "code": "P", "comment": "", "created_at": "2025-03-07T02:03:30.985Z", "updated_at": "2025-03-07T02:04:11.365Z"}}, {"model": "attendance.attendancerecord", "pk": 37, "fields": {"employee": 10, "date": "2025-03-03", "code": "P", "comment": "", "created_at": "2025-03-07T02:03:30.999Z", "updated_at": "2025-03-07T02:04:11.380Z"}}, {"model": "attendance.attendancerecord", "pk": 38, "fields": {"employee": 13, "date": "2025-03-03", "code": "P", "comment": "", "created_at": "2025-03-07T02:03:31.014Z", "updated_at": "2025-03-07T02:04:11.405Z"}}, {"model": "attendance.attendancerecord", "pk": 39, "fields": {"employee": 14, "date": "2025-03-03", "code": "P", "comment": "", "created_at": "2025-03-07T02:03:31.022Z", "updated_at": "2025-03-07T02:04:11.420Z"}}, {"model": "attendance.attendancerecord", "pk": 40, "fields": {"employee": 11, "date": "2025-03-03", "code": "P", "comment": "", "created_at": "2025-03-07T02:03:31.037Z", "updated_at": "2025-03-07T02:04:11.438Z"}}, {"model": "attendance.attendancerecord", "pk": 41, "fields": {"employee": 20, "date": "2025-03-03", "code": "P", "comment": "", "created_at": "2025-03-07T02:04:11.394Z", "updated_at": "2025-03-07T02:04:11.394Z"}}, {"model": "attendance.attendancerecord", "pk": 42, "fields": {"employee": 2, "date": "2025-03-07", "code": "P", "comment": "", "created_at": "2025-03-08T20:18:21.493Z", "updated_at": "2025-03-08T20:19:16.854Z"}}, {"model": "attendance.attendancerecord", "pk": 43, "fields": {"employee": 5, "date": "2025-03-07", "code": "P", "comment": "", "created_at": "2025-03-08T20:18:21.508Z", "updated_at": "2025-03-08T20:19:16.869Z"}}, {"model": "attendance.attendancerecord", "pk": 44, "fields": {"employee": 6, "date": "2025-03-07", "code": "P", "comment": "", "created_at": "2025-03-08T20:18:21.521Z", "updated_at": "2025-03-08T20:19:16.879Z"}}, {"model": "attendance.attendancerecord", "pk": 45, "fields": {"employee": 7, "date": "2025-03-07", "code": "P", "comment": "", "created_at": "2025-03-08T20:18:21.540Z", "updated_at": "2025-03-08T20:19:16.899Z"}}, {"model": "attendance.attendancerecord", "pk": 46, "fields": {"employee": 8, "date": "2025-03-07", "code": "P", "comment": "", "created_at": "2025-03-08T20:18:21.561Z", "updated_at": "2025-03-08T20:19:16.909Z"}}, {"model": "attendance.attendancerecord", "pk": 47, "fields": {"employee": 9, "date": "2025-03-07", "code": "P", "comment": "", "created_at": "2025-03-08T20:18:21.573Z", "updated_at": "2025-03-08T20:19:16.918Z"}}, {"model": "attendance.attendancerecord", "pk": 48, "fields": {"employee": 19, "date": "2025-03-07", "code": "P", "comment": "", "created_at": "2025-03-08T20:18:21.590Z", "updated_at": "2025-03-08T20:19:16.928Z"}}, {"model": "attendance.attendancerecord", "pk": 49, "fields": {"employee": 10, "date": "2025-03-07", "code": "P", "comment": "", "created_at": "2025-03-08T20:18:21.605Z", "updated_at": "2025-03-08T20:19:16.948Z"}}, {"model": "attendance.attendancerecord", "pk": 50, "fields": {"employee": 15, "date": "2025-03-07", "code": "P", "comment": "", "created_at": "2025-03-08T20:18:21.642Z", "updated_at": "2025-03-08T20:19:16.987Z"}}, {"model": "attendance.attendancerecord", "pk": 51, "fields": {"employee": 17, "date": "2025-03-07", "code": "NS", "comment": "", "created_at": "2025-03-08T20:19:16.938Z", "updated_at": "2025-03-08T20:19:16.938Z"}}, {"model": "attendance.attendancerecord", "pk": 52, "fields": {"employee": 5, "date": "2025-03-08", "code": "P", "comment": "", "created_at": "2025-03-08T20:20:19.715Z", "updated_at": "2025-03-10T10:11:25.473Z"}}, {"model": "attendance.attendancerecord", "pk": 53, "fields": {"employee": 8, "date": "2025-03-08", "code": "P", "comment": "", "created_at": "2025-03-08T20:20:19.741Z", "updated_at": "2025-03-10T10:11:25.496Z"}}, {"model": "attendance.attendancerecord", "pk": 54, "fields": {"employee": 9, "date": "2025-03-08", "code": "P", "comment": "", "created_at": "2025-03-08T20:20:19.759Z", "updated_at": "2025-03-10T10:11:25.511Z"}}, {"model": "attendance.attendancerecord", "pk": 55, "fields": {"employee": 20, "date": "2025-03-08", "code": "P", "comment": "", "created_at": "2025-03-08T20:20:19.788Z", "updated_at": "2025-03-10T10:11:25.539Z"}}, {"model": "attendance.attendancerecord", "pk": 56, "fields": {"employee": 13, "date": "2025-03-08", "code": "P", "comment": "", "created_at": "2025-03-08T20:20:19.801Z", "updated_at": "2025-03-10T10:11:25.547Z"}}, {"model": "attendance.attendancerecord", "pk": 57, "fields": {"employee": 12, "date": "2025-03-08", "code": "P", "comment": "", "created_at": "2025-03-08T20:20:19.817Z", "updated_at": "2025-03-10T10:11:25.563Z"}}, {"model": "attendance.attendancerecord", "pk": 58, "fields": {"employee": 2, "date": "2025-03-08", "code": "P", "comment": "", "created_at": "2025-03-09T00:50:14.853Z", "updated_at": "2025-03-10T10:11:25.461Z"}}, {"model": "attendance.attendancerecord", "pk": 59, "fields": {"employee": 16, "date": "2025-03-08", "code": "P", "comment": "", "created_at": "2025-03-09T00:50:14.884Z", "updated_at": "2025-03-10T10:11:25.486Z"}}, {"model": "attendance.attendancerecord", "pk": 60, "fields": {"employee": 18, "date": "2025-03-08", "code": "LCO", "comment": "", "created_at": "2025-03-09T00:50:14.930Z", "updated_at": "2025-03-10T10:11:25.529Z"}}, {"model": "attendance.attendancerecord", "pk": 61, "fields": {"employee": 14, "date": "2025-03-08", "code": "P", "comment": "", "created_at": "2025-03-09T00:50:14.960Z", "updated_at": "2025-03-10T10:11:25.555Z"}}, {"model": "attendance.attendancerecord", "pk": 62, "fields": {"employee": 15, "date": "2025-03-08", "code": "P", "comment": "", "created_at": "2025-03-09T00:50:14.980Z", "updated_at": "2025-03-10T10:11:25.574Z"}}, {"model": "attendance.attendancerecord", "pk": 72, "fields": {"employee": 5, "date": "2025-03-09", "code": "P", "comment": "", "created_at": "2025-03-10T10:11:05.169Z", "updated_at": "2025-03-10T10:11:05.169Z"}}, {"model": "attendance.attendancerecord", "pk": 73, "fields": {"employee": 16, "date": "2025-03-09", "code": "P", "comment": "", "created_at": "2025-03-10T10:11:05.188Z", "updated_at": "2025-03-10T10:11:05.188Z"}}, {"model": "attendance.attendancerecord", "pk": 74, "fields": {"employee": 19, "date": "2025-03-09", "code": "P", "comment": "", "created_at": "2025-03-10T10:11:05.209Z", "updated_at": "2025-03-10T10:11:05.209Z"}}, {"model": "attendance.attendancerecord", "pk": 75, "fields": {"employee": 17, "date": "2025-03-09", "code": "L", "comment": "", "created_at": "2025-03-10T10:11:05.222Z", "updated_at": "2025-03-10T10:11:05.222Z"}}, {"model": "attendance.attendancerecord", "pk": 76, "fields": {"employee": 18, "date": "2025-03-09", "code": "P", "comment": "", "created_at": "2025-03-10T10:11:05.239Z", "updated_at": "2025-03-10T10:11:05.239Z"}}, {"model": "attendance.attendancerecord", "pk": 77, "fields": {"employee": 20, "date": "2025-03-09", "code": "P", "comment": "", "created_at": "2025-03-10T10:11:05.249Z", "updated_at": "2025-03-10T10:11:05.249Z"}}, {"model": "attendance.attendancerecord", "pk": 78, "fields": {"employee": 13, "date": "2025-03-09", "code": "P", "comment": "", "created_at": "2025-03-10T10:11:05.258Z", "updated_at": "2025-03-10T10:11:05.258Z"}}, {"model": "attendance.attendancerecord", "pk": 79, "fields": {"employee": 12, "date": "2025-03-09", "code": "P", "comment": "", "created_at": "2025-03-10T10:11:05.270Z", "updated_at": "2025-03-10T10:11:05.270Z"}}, {"model": "attendance.attendancerecord", "pk": 80, "fields": {"employee": 15, "date": "2025-03-09", "code": "P", "comment": "", "created_at": "2025-03-10T10:11:05.280Z", "updated_at": "2025-03-10T10:11:05.280Z"}}, {"model": "attendance.attendancerecord", "pk": 90, "fields": {"employee": 5, "date": "2025-03-10", "code": "P", "comment": "", "created_at": "2025-03-11T10:38:22.870Z", "updated_at": "2025-03-11T10:41:33.821Z"}}, {"model": "attendance.attendancerecord", "pk": 91, "fields": {"employee": 6, "date": "2025-03-10", "code": "P", "comment": "", "created_at": "2025-03-11T10:38:22.881Z", "updated_at": "2025-03-11T10:41:33.832Z"}}, {"model": "attendance.attendancerecord", "pk": 92, "fields": {"employee": 7, "date": "2025-03-10", "code": "P", "comment": "", "created_at": "2025-03-11T10:38:22.903Z", "updated_at": "2025-03-11T10:41:33.851Z"}}, {"model": "attendance.attendancerecord", "pk": 93, "fields": {"employee": 9, "date": "2025-03-10", "code": "P", "comment": "", "created_at": "2025-03-11T10:38:22.920Z", "updated_at": "2025-03-11T10:41:33.864Z"}}, {"model": "attendance.attendancerecord", "pk": 94, "fields": {"employee": 10, "date": "2025-03-10", "code": "P", "comment": "", "created_at": "2025-03-11T10:38:22.939Z", "updated_at": "2025-03-11T10:41:33.889Z"}}, {"model": "attendance.attendancerecord", "pk": 95, "fields": {"employee": 13, "date": "2025-03-10", "code": "P", "comment": "", "created_at": "2025-03-11T10:38:22.959Z", "updated_at": "2025-03-11T10:41:33.906Z"}}, {"model": "attendance.attendancerecord", "pk": 96, "fields": {"employee": 14, "date": "2025-03-10", "code": "P", "comment": "", "created_at": "2025-03-11T10:38:22.970Z", "updated_at": "2025-03-11T10:41:33.924Z"}}, {"model": "attendance.attendancerecord", "pk": 97, "fields": {"employee": 15, "date": "2025-03-10", "code": "P", "comment": "", "created_at": "2025-03-11T10:38:22.988Z", "updated_at": "2025-03-11T10:41:33.940Z"}}, {"model": "attendance.attendancerecord", "pk": 98, "fields": {"employee": 11, "date": "2025-03-10", "code": "CO", "comment": "", "created_at": "2025-03-11T10:38:23.003Z", "updated_at": "2025-03-11T10:41:33.950Z"}}, {"model": "attendance.attendancerecord", "pk": 99, "fields": {"employee": 19, "date": "2025-03-10", "code": "P", "comment": "", "created_at": "2025-03-11T10:41:33.875Z", "updated_at": "2025-03-11T10:41:33.875Z"}}, {"model": "attendance.attendancerecord", "pk": 100, "fields": {"employee": 2, "date": "2025-03-13", "code": "P", "comment": "", "created_at": "2025-03-13T20:28:01.926Z", "updated_at": "2025-03-13T20:28:19.012Z"}}, {"model": "attendance.attendancerecord", "pk": 101, "fields": {"employee": 4, "date": "2025-03-13", "code": "XL", "comment": "", "created_at": "2025-03-13T20:28:01.939Z", "updated_at": "2025-03-13T20:28:19.022Z"}}, {"model": "attendance.attendancerecord", "pk": 102, "fields": {"employee": 6, "date": "2025-03-13", "code": "P", "comment": "", "created_at": "2025-03-13T20:28:01.955Z", "updated_at": "2025-03-13T20:28:19.034Z"}}, {"model": "attendance.attendancerecord", "pk": 103, "fields": {"employee": 16, "date": "2025-03-13", "code": "P", "comment": "", "created_at": "2025-03-13T20:28:01.971Z", "updated_at": "2025-03-13T20:28:19.049Z"}}, {"model": "attendance.attendancerecord", "pk": 104, "fields": {"employee": 7, "date": "2025-03-13", "code": "P", "comment": "", "created_at": "2025-03-13T20:28:01.983Z", "updated_at": "2025-03-13T20:28:19.058Z"}}, {"model": "attendance.attendancerecord", "pk": 105, "fields": {"employee": 8, "date": "2025-03-13", "code": "LCO", "comment": "", "created_at": "2025-03-13T20:28:01.994Z", "updated_at": "2025-03-13T20:28:19.067Z"}}, {"model": "attendance.attendancerecord", "pk": 106, "fields": {"employee": 19, "date": "2025-03-13", "code": "P", "comment": "", "created_at": "2025-03-13T20:28:02.011Z", "updated_at": "2025-03-13T20:28:19.078Z"}}, {"model": "attendance.attendancerecord", "pk": 107, "fields": {"employee": 17, "date": "2025-03-13", "code": "P", "comment": "", "created_at": "2025-03-13T20:28:02.023Z", "updated_at": "2025-03-13T20:28:19.087Z"}}, {"model": "attendance.attendancerecord", "pk": 108, "fields": {"employee": 10, "date": "2025-03-13", "code": "P", "comment": "Left early sick", "created_at": "2025-03-13T20:28:02.034Z", "updated_at": "2025-03-13T20:28:19.096Z"}}, {"model": "attendance.attendancerecord", "pk": 109, "fields": {"employee": 14, "date": "2025-03-13", "code": "P", "comment": "", "created_at": "2025-03-13T20:28:02.057Z", "updated_at": "2025-03-13T20:28:19.123Z"}}, {"model": "attendance.attendancerecord", "pk": 110, "fields": {"employee": 11, "date": "2025-03-13", "code": "P", "comment": "", "created_at": "2025-03-13T20:28:02.076Z", "updated_at": "2025-03-13T20:28:19.140Z"}}, {"model": "attendance.attendancerecord", "pk": 111, "fields": {"employee": 4, "date": "2025-03-12", "code": "XL", "comment": "", "created_at": "2025-03-13T20:32:42.730Z", "updated_at": "2025-03-13T20:32:42.730Z"}}, {"model": "attendance.attendancerecord", "pk": 112, "fields": {"employee": 5, "date": "2025-03-12", "code": "P", "comment": "", "created_at": "2025-03-13T20:32:42.740Z", "updated_at": "2025-03-13T20:32:42.740Z"}}, {"model": "attendance.attendancerecord", "pk": 113, "fields": {"employee": 16, "date": "2025-03-12", "code": "P", "comment": "", "created_at": "2025-03-13T20:32:42.756Z", "updated_at": "2025-03-13T20:32:42.756Z"}}, {"model": "attendance.attendancerecord", "pk": 114, "fields": {"employee": 7, "date": "2025-03-12", "code": "P", "comment": "", "created_at": "2025-03-13T20:32:42.766Z", "updated_at": "2025-03-13T20:32:42.766Z"}}, {"model": "attendance.attendancerecord", "pk": 115, "fields": {"employee": 8, "date": "2025-03-12", "code": "P", "comment": "", "created_at": "2025-03-13T20:32:42.779Z", "updated_at": "2025-03-13T20:32:42.779Z"}}, {"model": "attendance.attendancerecord", "pk": 116, "fields": {"employee": 17, "date": "2025-03-12", "code": "L", "comment": "", "created_at": "2025-03-13T20:32:42.798Z", "updated_at": "2025-03-13T20:32:42.798Z"}}, {"model": "attendance.attendancerecord", "pk": 117, "fields": {"employee": 10, "date": "2025-03-12", "code": "P", "comment": "", "created_at": "2025-03-13T20:32:42.809Z", "updated_at": "2025-03-13T20:32:42.809Z"}}, {"model": "attendance.attendancerecord", "pk": 118, "fields": {"employee": 13, "date": "2025-03-12", "code": "P", "comment": "", "created_at": "2025-03-13T20:32:42.831Z", "updated_at": "2025-03-13T20:32:42.831Z"}}, {"model": "attendance.attendancerecord", "pk": 119, "fields": {"employee": 15, "date": "2025-03-12", "code": "P", "comment": "", "created_at": "2025-03-13T20:32:42.848Z", "updated_at": "2025-03-13T20:32:42.848Z"}}, {"model": "attendance.attendancerecord", "pk": 120, "fields": {"employee": 2, "date": "2025-03-11", "code": "P", "comment": "", "created_at": "2025-03-13T20:36:54.302Z", "updated_at": "2025-03-13T20:36:54.302Z"}}, {"model": "attendance.attendancerecord", "pk": 121, "fields": {"employee": 5, "date": "2025-03-11", "code": "P", "comment": "", "created_at": "2025-03-13T20:36:54.316Z", "updated_at": "2025-03-13T20:36:54.316Z"}}, {"model": "attendance.attendancerecord", "pk": 122, "fields": {"employee": 6, "date": "2025-03-11", "code": "P", "comment": "", "created_at": "2025-03-13T20:36:54.326Z", "updated_at": "2025-03-13T20:36:54.326Z"}}, {"model": "attendance.attendancerecord", "pk": 123, "fields": {"employee": 19, "date": "2025-03-11", "code": "P", "comment": "", "created_at": "2025-03-13T20:36:54.354Z", "updated_at": "2025-03-13T20:36:54.354Z"}}, {"model": "attendance.attendancerecord", "pk": 124, "fields": {"employee": 10, "date": "2025-03-11", "code": "L", "comment": "", "created_at": "2025-03-13T20:36:54.368Z", "updated_at": "2025-03-13T20:36:54.368Z"}}, {"model": "attendance.attendancerecord", "pk": 125, "fields": {"employee": 18, "date": "2025-03-11", "code": "P", "comment": "", "created_at": "2025-03-13T20:36:54.378Z", "updated_at": "2025-03-13T20:36:54.378Z"}}, {"model": "attendance.attendancerecord", "pk": 126, "fields": {"employee": 20, "date": "2025-03-11", "code": "P", "comment": "", "created_at": "2025-03-13T20:36:54.390Z", "updated_at": "2025-03-13T20:36:54.390Z"}}, {"model": "attendance.attendancerecord", "pk": 127, "fields": {"employee": 13, "date": "2025-03-11", "code": "P", "comment": "Swapped for Rebecca, she's working his Friday", "created_at": "2025-03-13T20:36:54.400Z", "updated_at": "2025-03-13T20:36:54.400Z"}}, {"model": "attendance.attendancerecord", "pk": 128, "fields": {"employee": 4, "date": "2025-03-14", "code": "P", "comment": "left early gf er / plans to return", "created_at": "2025-03-14T14:57:57.262Z", "updated_at": "2025-03-14T21:57:34.327Z"}}, {"model": "attendance.attendancerecord", "pk": 129, "fields": {"employee": 5, "date": "2025-03-14", "code": "P", "comment": "", "created_at": "2025-03-14T14:57:57.273Z", "updated_at": "2025-03-14T21:57:34.334Z"}}, {"model": "attendance.attendancerecord", "pk": 130, "fields": {"employee": 6, "date": "2025-03-14", "code": "P", "comment": "", "created_at": "2025-03-14T14:57:57.288Z", "updated_at": "2025-03-14T21:57:34.342Z"}}, {"model": "attendance.attendancerecord", "pk": 131, "fields": {"employee": 7, "date": "2025-03-14", "code": "P", "comment": "", "created_at": "2025-03-14T14:57:57.305Z", "updated_at": "2025-03-14T21:57:34.355Z"}}, {"model": "attendance.attendancerecord", "pk": 132, "fields": {"employee": 10, "date": "2025-03-14", "code": "P", "comment": "", "created_at": "2025-03-14T14:57:57.334Z", "updated_at": "2025-03-14T21:57:34.386Z"}}, {"model": "attendance.attendancerecord", "pk": 133, "fields": {"employee": 11, "date": "2025-03-14", "code": "P", "comment": "", "created_at": "2025-03-14T14:57:57.363Z", "updated_at": "2025-03-14T21:57:34.437Z"}}, {"model": "attendance.attendancerecord", "pk": 134, "fields": {"employee": 2, "date": "2025-03-14", "code": "P", "comment": "", "created_at": "2025-03-14T21:57:34.318Z", "updated_at": "2025-03-14T21:57:34.318Z"}}, {"model": "attendance.attendancerecord", "pk": 135, "fields": {"employee": 19, "date": "2025-03-14", "code": "P", "comment": "", "created_at": "2025-03-14T21:57:34.368Z", "updated_at": "2025-03-14T21:57:34.368Z"}}, {"model": "attendance.attendancerecord", "pk": 136, "fields": {"employee": 17, "date": "2025-03-14", "code": "XL", "comment": "", "created_at": "2025-03-14T21:57:34.377Z", "updated_at": "2025-03-14T21:57:34.377Z"}}, {"model": "attendance.attendancerecord", "pk": 137, "fields": {"employee": 18, "date": "2025-03-14", "code": "P", "comment": "", "created_at": "2025-03-14T21:57:34.396Z", "updated_at": "2025-03-14T21:57:34.396Z"}}, {"model": "attendance.attendancerecord", "pk": 138, "fields": {"employee": 14, "date": "2025-03-14", "code": "P", "comment": "", "created_at": "2025-03-14T21:57:34.411Z", "updated_at": "2025-03-14T21:57:34.411Z"}}, {"model": "attendance.attendancerecord", "pk": 139, "fields": {"employee": 12, "date": "2025-03-14", "code": "P", "comment": "", "created_at": "2025-03-14T21:57:34.419Z", "updated_at": "2025-03-14T21:57:34.419Z"}}, {"model": "attendance.attendancerecord", "pk": 140, "fields": {"employee": 15, "date": "2025-03-14", "code": "P", "comment": "", "created_at": "2025-03-14T21:57:34.428Z", "updated_at": "2025-03-14T21:57:34.428Z"}}, {"model": "attendance.attendancerecord", "pk": 141, "fields": {"employee": 5, "date": "2025-03-15", "code": "P", "comment": "", "created_at": "2025-03-15T19:43:32.160Z", "updated_at": "2025-03-15T22:24:51.020Z"}}, {"model": "attendance.attendancerecord", "pk": 142, "fields": {"employee": 8, "date": "2025-03-15", "code": "P", "comment": "", "created_at": "2025-03-15T19:43:32.178Z", "updated_at": "2025-03-15T22:24:51.047Z"}}, {"model": "attendance.attendancerecord", "pk": 143, "fields": {"employee": 18, "date": "2025-03-15", "code": "P", "comment": "", "created_at": "2025-03-15T19:43:32.195Z", "updated_at": "2025-03-15T22:24:51.067Z"}}, {"model": "attendance.attendancerecord", "pk": 144, "fields": {"employee": 20, "date": "2025-03-15", "code": "P", "comment": "", "created_at": "2025-03-15T19:43:32.206Z", "updated_at": "2025-03-15T22:24:51.075Z"}}, {"model": "attendance.attendancerecord", "pk": 145, "fields": {"employee": 13, "date": "2025-03-15", "code": "P", "comment": "", "created_at": "2025-03-15T19:43:32.214Z", "updated_at": "2025-03-15T22:24:51.083Z"}}, {"model": "attendance.attendancerecord", "pk": 146, "fields": {"employee": 14, "date": "2025-03-15", "code": "P", "comment": "", "created_at": "2025-03-15T19:43:32.228Z", "updated_at": "2025-03-15T22:24:51.091Z"}}, {"model": "attendance.attendancerecord", "pk": 147, "fields": {"employee": 12, "date": "2025-03-15", "code": "P", "comment": "", "created_at": "2025-03-15T19:43:32.239Z", "updated_at": "2025-03-15T22:24:51.100Z"}}, {"model": "attendance.attendancerecord", "pk": 148, "fields": {"employee": 2, "date": "2025-03-15", "code": "P", "comment": "", "created_at": "2025-03-15T22:24:51.008Z", "updated_at": "2025-03-15T22:24:51.008Z"}}, {"model": "attendance.attendancerecord", "pk": 149, "fields": {"employee": 16, "date": "2025-03-15", "code": "P", "comment": "", "created_at": "2025-03-15T22:24:51.034Z", "updated_at": "2025-03-15T22:24:51.034Z"}}, {"model": "attendance.attendancerecord", "pk": 150, "fields": {"employee": 2, "date": "2025-03-16", "code": "L", "comment": "", "created_at": "2025-03-17T09:46:13.277Z", "updated_at": "2025-03-17T09:50:50.591Z"}}, {"model": "attendance.attendancerecord", "pk": 151, "fields": {"employee": 5, "date": "2025-03-16", "code": "P", "comment": "", "created_at": "2025-03-17T09:46:13.293Z", "updated_at": "2025-03-17T09:50:50.607Z"}}, {"model": "attendance.attendancerecord", "pk": 152, "fields": {"employee": 16, "date": "2025-03-16", "code": "P", "comment": "", "created_at": "2025-03-17T09:46:13.316Z", "updated_at": "2025-03-17T09:50:50.623Z"}}, {"model": "attendance.attendancerecord", "pk": 153, "fields": {"employee": 17, "date": "2025-03-16", "code": "XL", "comment": "", "created_at": "2025-03-17T09:46:13.345Z", "updated_at": "2025-03-17T09:50:50.648Z"}}, {"model": "attendance.attendancerecord", "pk": 154, "fields": {"employee": 20, "date": "2025-03-16", "code": "P", "comment": "", "created_at": "2025-03-17T09:46:13.365Z", "updated_at": "2025-03-17T09:50:50.681Z"}}, {"model": "attendance.attendancerecord", "pk": 155, "fields": {"employee": 13, "date": "2025-03-16", "code": "P", "comment": "", "created_at": "2025-03-17T09:46:13.376Z", "updated_at": "2025-03-17T09:50:50.690Z"}}, {"model": "attendance.attendancerecord", "pk": 156, "fields": {"employee": 14, "date": "2025-03-16", "code": "P", "comment": "", "created_at": "2025-03-17T09:46:13.388Z", "updated_at": "2025-03-17T09:50:50.700Z"}}, {"model": "attendance.attendancerecord", "pk": 157, "fields": {"employee": 12, "date": "2025-03-16", "code": "P", "comment": "", "created_at": "2025-03-17T09:46:13.399Z", "updated_at": "2025-03-17T09:50:50.709Z"}}, {"model": "attendance.attendancerecord", "pk": 158, "fields": {"employee": 15, "date": "2025-03-16", "code": "P", "comment": "", "created_at": "2025-03-17T09:46:13.411Z", "updated_at": "2025-03-17T09:50:50.724Z"}}, {"model": "attendance.attendancerecord", "pk": 159, "fields": {"employee": 18, "date": "2025-03-16", "code": "CO", "comment": "", "created_at": "2025-03-17T09:50:50.662Z", "updated_at": "2025-03-17T09:50:50.662Z"}}, {"model": "attendance.attendancerecord", "pk": 160, "fields": {"employee": 5, "date": "2025-03-17", "code": "P", "comment": "", "created_at": "2025-03-19T02:40:43.127Z", "updated_at": "2025-03-19T02:40:43.127Z"}}, {"model": "attendance.attendancerecord", "pk": 161, "fields": {"employee": 6, "date": "2025-03-17", "code": "P", "comment": "", "created_at": "2025-03-19T02:40:43.138Z", "updated_at": "2025-03-19T02:40:43.138Z"}}, {"model": "attendance.attendancerecord", "pk": 162, "fields": {"employee": 9, "date": "2025-03-17", "code": "P", "comment": "", "created_at": "2025-03-19T02:40:43.170Z", "updated_at": "2025-03-19T02:40:43.170Z"}}, {"model": "attendance.attendancerecord", "pk": 163, "fields": {"employee": 19, "date": "2025-03-17", "code": "P", "comment": "", "created_at": "2025-03-19T02:40:43.182Z", "updated_at": "2025-03-19T02:40:43.182Z"}}, {"model": "attendance.attendancerecord", "pk": 164, "fields": {"employee": 10, "date": "2025-03-17", "code": "P", "comment": "", "created_at": "2025-03-19T02:40:43.197Z", "updated_at": "2025-03-19T02:40:43.197Z"}}, {"model": "attendance.attendancerecord", "pk": 165, "fields": {"employee": 20, "date": "2025-03-17", "code": "P", "comment": "", "created_at": "2025-03-19T02:40:43.213Z", "updated_at": "2025-03-19T02:40:43.213Z"}}, {"model": "attendance.attendancerecord", "pk": 166, "fields": {"employee": 13, "date": "2025-03-17", "code": "P", "comment": "", "created_at": "2025-03-19T02:40:43.225Z", "updated_at": "2025-03-19T02:40:43.225Z"}}, {"model": "attendance.attendancerecord", "pk": 167, "fields": {"employee": 14, "date": "2025-03-17", "code": "P", "comment": "", "created_at": "2025-03-19T02:40:43.236Z", "updated_at": "2025-03-19T02:40:43.236Z"}}, {"model": "attendance.attendancerecord", "pk": 168, "fields": {"employee": 15, "date": "2025-03-17", "code": "P", "comment": "", "created_at": "2025-03-19T02:40:43.254Z", "updated_at": "2025-03-19T02:40:43.254Z"}}, {"model": "attendance.attendancerecord", "pk": 169, "fields": {"employee": 2, "date": "2025-03-18", "code": "P", "comment": "", "created_at": "2025-03-19T02:44:18.782Z", "updated_at": "2025-03-19T02:44:18.782Z"}}, {"model": "attendance.attendancerecord", "pk": 170, "fields": {"employee": 4, "date": "2025-03-18", "code": "P", "comment": "", "created_at": "2025-03-19T02:44:18.794Z", "updated_at": "2025-03-19T02:44:18.794Z"}}, {"model": "attendance.attendancerecord", "pk": 171, "fields": {"employee": 5, "date": "2025-03-18", "code": "P", "comment": "", "created_at": "2025-03-19T02:44:18.805Z", "updated_at": "2025-03-19T02:44:18.805Z"}}, {"model": "attendance.attendancerecord", "pk": 172, "fields": {"employee": 6, "date": "2025-03-18", "code": "P", "comment": "", "created_at": "2025-03-19T02:44:18.818Z", "updated_at": "2025-03-19T02:44:18.818Z"}}, {"model": "attendance.attendancerecord", "pk": 173, "fields": {"employee": 8, "date": "2025-03-18", "code": "P", "comment": "Left Early", "created_at": "2025-03-19T02:44:18.841Z", "updated_at": "2025-03-19T02:44:18.841Z"}}, {"model": "attendance.attendancerecord", "pk": 174, "fields": {"employee": 19, "date": "2025-03-18", "code": "P", "comment": "", "created_at": "2025-03-19T02:44:18.856Z", "updated_at": "2025-03-19T02:44:18.856Z"}}, {"model": "attendance.attendancerecord", "pk": 175, "fields": {"employee": 18, "date": "2025-03-18", "code": "P", "comment": "", "created_at": "2025-03-19T02:44:18.875Z", "updated_at": "2025-03-19T02:44:18.875Z"}}, {"model": "attendance.attendancerecord", "pk": 176, "fields": {"employee": 14, "date": "2025-03-18", "code": "P", "comment": "", "created_at": "2025-03-19T02:44:18.895Z", "updated_at": "2025-03-19T02:44:18.895Z"}}, {"model": "attendance.attendancerecord", "pk": 177, "fields": {"employee": 12, "date": "2025-03-18", "code": "P", "comment": "", "created_at": "2025-03-19T02:44:18.906Z", "updated_at": "2025-03-19T02:44:18.906Z"}}, {"model": "attendance.attendancerecord", "pk": 178, "fields": {"employee": 15, "date": "2025-03-18", "code": "P", "comment": "", "created_at": "2025-03-19T02:44:18.917Z", "updated_at": "2025-03-19T02:44:18.917Z"}}, {"model": "attendance.attendancerecord", "pk": 179, "fields": {"employee": 2, "date": "2025-03-19", "code": "NS", "comment": "", "created_at": "2025-03-20T10:45:11.167Z", "updated_at": "2025-03-20T10:45:11.167Z"}}, {"model": "attendance.attendancerecord", "pk": 180, "fields": {"employee": 4, "date": "2025-03-19", "code": "XL", "comment": "", "created_at": "2025-03-20T10:45:11.176Z", "updated_at": "2025-03-20T10:45:11.176Z"}}, {"model": "attendance.attendancerecord", "pk": 181, "fields": {"employee": 5, "date": "2025-03-19", "code": "P", "comment": "", "created_at": "2025-03-20T10:45:11.186Z", "updated_at": "2025-03-20T10:45:11.186Z"}}, {"model": "attendance.attendancerecord", "pk": 182, "fields": {"employee": 6, "date": "2025-03-19", "code": "P", "comment": "", "created_at": "2025-03-20T10:45:11.194Z", "updated_at": "2025-03-20T10:45:11.194Z"}}, {"model": "attendance.attendancerecord", "pk": 183, "fields": {"employee": 16, "date": "2025-03-19", "code": "P", "comment": "", "created_at": "2025-03-20T10:45:11.205Z", "updated_at": "2025-03-20T10:45:11.205Z"}}, {"model": "attendance.attendancerecord", "pk": 184, "fields": {"employee": 7, "date": "2025-03-19", "code": "XL", "comment": "", "created_at": "2025-03-20T10:45:11.213Z", "updated_at": "2025-03-20T10:45:11.213Z"}}, {"model": "attendance.attendancerecord", "pk": 185, "fields": {"employee": 8, "date": "2025-03-19", "code": "P", "comment": "", "created_at": "2025-03-20T10:45:11.220Z", "updated_at": "2025-03-20T10:45:11.220Z"}}, {"model": "attendance.attendancerecord", "pk": 186, "fields": {"employee": 9, "date": "2025-03-19", "code": "P", "comment": "", "created_at": "2025-03-20T10:45:11.228Z", "updated_at": "2025-03-20T10:45:11.228Z"}}, {"model": "attendance.attendancerecord", "pk": 187, "fields": {"employee": 17, "date": "2025-03-19", "code": "P", "comment": "", "created_at": "2025-03-20T10:45:11.240Z", "updated_at": "2025-03-20T10:45:11.240Z"}}, {"model": "attendance.attendancerecord", "pk": 188, "fields": {"employee": 10, "date": "2025-03-19", "code": "P", "comment": "", "created_at": "2025-03-20T10:45:11.256Z", "updated_at": "2025-03-20T10:45:11.256Z"}}, {"model": "attendance.attendancerecord", "pk": 189, "fields": {"employee": 12, "date": "2025-03-19", "code": "P", "comment": "", "created_at": "2025-03-20T10:45:11.275Z", "updated_at": "2025-03-20T10:45:11.275Z"}}, {"model": "attendance.attendancerecord", "pk": 190, "fields": {"employee": 11, "date": "2025-03-19", "code": "P", "comment": "left early", "created_at": "2025-03-20T10:45:11.286Z", "updated_at": "2025-03-20T10:45:11.286Z"}}, {"model": "attendance.attendancerecord", "pk": 191, "fields": {"employee": 4, "date": "2025-03-20", "code": "P", "comment": "", "created_at": "2025-03-21T14:24:44.784Z", "updated_at": "2025-03-21T14:24:44.784Z"}}, {"model": "attendance.attendancerecord", "pk": 192, "fields": {"employee": 6, "date": "2025-03-20", "code": "P", "comment": "", "created_at": "2025-03-21T14:24:44.798Z", "updated_at": "2025-03-21T14:24:44.798Z"}}, {"model": "attendance.attendancerecord", "pk": 193, "fields": {"employee": 16, "date": "2025-03-20", "code": "HRO", "comment": "", "created_at": "2025-03-21T14:24:44.812Z", "updated_at": "2025-03-21T14:24:44.812Z"}}, {"model": "attendance.attendancerecord", "pk": 194, "fields": {"employee": 7, "date": "2025-03-20", "code": "P", "comment": "", "created_at": "2025-03-21T14:24:44.824Z", "updated_at": "2025-03-21T14:24:44.824Z"}}, {"model": "attendance.attendancerecord", "pk": 195, "fields": {"employee": 19, "date": "2025-03-20", "code": "P", "comment": "", "created_at": "2025-03-21T14:24:44.841Z", "updated_at": "2025-03-21T14:24:44.841Z"}}, {"model": "attendance.attendancerecord", "pk": 196, "fields": {"employee": 17, "date": "2025-03-20", "code": "CO", "comment": "", "created_at": "2025-03-21T14:24:44.854Z", "updated_at": "2025-03-21T14:24:44.854Z"}}, {"model": "attendance.attendancerecord", "pk": 197, "fields": {"employee": 10, "date": "2025-03-20", "code": "L", "comment": "", "created_at": "2025-03-21T14:24:44.865Z", "updated_at": "2025-03-21T14:24:44.865Z"}}, {"model": "attendance.attendancerecord", "pk": 198, "fields": {"employee": 13, "date": "2025-03-20", "code": "P", "comment": "", "created_at": "2025-03-21T14:24:44.882Z", "updated_at": "2025-03-21T14:24:44.882Z"}}, {"model": "attendance.attendancerecord", "pk": 199, "fields": {"employee": 14, "date": "2025-03-20", "code": "P", "comment": "", "created_at": "2025-03-21T14:24:44.891Z", "updated_at": "2025-03-21T14:24:44.891Z"}}, {"model": "attendance.attendancerecord", "pk": 200, "fields": {"employee": 12, "date": "2025-03-20", "code": "P", "comment": "", "created_at": "2025-03-21T14:24:44.899Z", "updated_at": "2025-03-21T14:24:44.899Z"}}, {"model": "attendance.attendancerecord", "pk": 201, "fields": {"employee": 15, "date": "2025-03-20", "code": "P", "comment": "", "created_at": "2025-03-21T14:24:44.914Z", "updated_at": "2025-03-21T14:24:44.914Z"}}, {"model": "attendance.attendancerecord", "pk": 202, "fields": {"employee": 11, "date": "2025-03-20", "code": "P", "comment": "", "created_at": "2025-03-21T14:24:44.923Z", "updated_at": "2025-03-21T14:24:44.923Z"}}, {"model": "attendance.attendancerecord", "pk": 203, "fields": {"employee": 5, "date": "2025-03-21", "code": "P", "comment": "", "created_at": "2025-03-21T14:25:30.956Z", "updated_at": "2025-03-23T11:15:51.651Z"}}, {"model": "attendance.attendancerecord", "pk": 204, "fields": {"employee": 6, "date": "2025-03-21", "code": "P", "comment": "", "created_at": "2025-03-21T14:25:30.965Z", "updated_at": "2025-03-23T11:15:51.659Z"}}, {"model": "attendance.attendancerecord", "pk": 205, "fields": {"employee": 7, "date": "2025-03-21", "code": "CO", "comment": "", "created_at": "2025-03-21T14:25:30.979Z", "updated_at": "2025-03-23T11:15:51.676Z"}}, {"model": "attendance.attendancerecord", "pk": 206, "fields": {"employee": 9, "date": "2025-03-21", "code": "P", "comment": "", "created_at": "2025-03-21T14:25:30.992Z", "updated_at": "2025-03-23T11:15:51.688Z"}}, {"model": "attendance.attendancerecord", "pk": 207, "fields": {"employee": 10, "date": "2025-03-21", "code": "P", "comment": "", "created_at": "2025-03-21T14:25:31.007Z", "updated_at": "2025-03-23T11:15:51.712Z"}}, {"model": "attendance.attendancerecord", "pk": 208, "fields": {"employee": 11, "date": "2025-03-21", "code": "P", "comment": "", "created_at": "2025-03-21T14:25:31.034Z", "updated_at": "2025-03-23T11:15:51.749Z"}}, {"model": "attendance.attendancerecord", "pk": 209, "fields": {"employee": 2, "date": "2025-03-21", "code": "P", "comment": "", "created_at": "2025-03-21T20:14:50.972Z", "updated_at": "2025-03-23T11:15:51.640Z"}}, {"model": "attendance.attendancerecord", "pk": 210, "fields": {"employee": 16, "date": "2025-03-21", "code": "P", "comment": "", "created_at": "2025-03-21T20:14:51.005Z", "updated_at": "2025-03-23T11:15:51.668Z"}}, {"model": "attendance.attendancerecord", "pk": 211, "fields": {"employee": 19, "date": "2025-03-21", "code": "P", "comment": "", "created_at": "2025-03-21T20:14:51.036Z", "updated_at": "2025-03-23T11:15:51.697Z"}}, {"model": "attendance.attendancerecord", "pk": 212, "fields": {"employee": 17, "date": "2025-03-21", "code": "P", "comment": "", "created_at": "2025-03-21T20:14:51.046Z", "updated_at": "2025-03-23T11:15:51.705Z"}}, {"model": "attendance.attendancerecord", "pk": 213, "fields": {"employee": 13, "date": "2025-03-21", "code": "P", "comment": "", "created_at": "2025-03-21T20:14:51.075Z", "updated_at": "2025-03-23T11:15:51.725Z"}}, {"model": "attendance.attendancerecord", "pk": 214, "fields": {"employee": 14, "date": "2025-03-21", "code": "P", "comment": "Went to greentree", "created_at": "2025-03-21T20:14:51.090Z", "updated_at": "2025-03-23T11:15:51.733Z"}}, {"model": "attendance.attendancerecord", "pk": 215, "fields": {"employee": 2, "date": "2025-03-22", "code": "P", "comment": "", "created_at": "2025-03-23T11:18:21.409Z", "updated_at": "2025-03-23T11:18:21.409Z"}}, {"model": "attendance.attendancerecord", "pk": 216, "fields": {"employee": 5, "date": "2025-03-22", "code": "P", "comment": "", "created_at": "2025-03-23T11:18:21.422Z", "updated_at": "2025-03-23T11:18:21.422Z"}}, {"model": "attendance.attendancerecord", "pk": 217, "fields": {"employee": 16, "date": "2025-03-22", "code": "P", "comment": "", "created_at": "2025-03-23T11:18:21.438Z", "updated_at": "2025-03-23T11:18:21.438Z"}}, {"model": "attendance.attendancerecord", "pk": 218, "fields": {"employee": 8, "date": "2025-03-22", "code": "P", "comment": "", "created_at": "2025-03-23T11:18:21.450Z", "updated_at": "2025-03-23T11:18:21.450Z"}}, {"model": "attendance.attendancerecord", "pk": 219, "fields": {"employee": 9, "date": "2025-03-22", "code": "P", "comment": "", "created_at": "2025-03-23T11:18:21.459Z", "updated_at": "2025-03-23T11:18:21.459Z"}}, {"model": "attendance.attendancerecord", "pk": 220, "fields": {"employee": 10, "date": "2025-03-22", "code": "P", "comment": "", "created_at": "2025-03-23T11:18:21.480Z", "updated_at": "2025-03-23T11:18:21.480Z"}}, {"model": "attendance.attendancerecord", "pk": 221, "fields": {"employee": 18, "date": "2025-03-22", "code": "LCO", "comment": "", "created_at": "2025-03-23T11:18:21.491Z", "updated_at": "2025-03-23T11:18:21.491Z"}}, {"model": "attendance.attendancerecord", "pk": 222, "fields": {"employee": 20, "date": "2025-03-22", "code": "P", "comment": "", "created_at": "2025-03-23T11:18:21.501Z", "updated_at": "2025-03-23T11:18:21.501Z"}}, {"model": "attendance.attendancerecord", "pk": 223, "fields": {"employee": 13, "date": "2025-03-22", "code": "P", "comment": "", "created_at": "2025-03-23T11:18:21.511Z", "updated_at": "2025-03-23T11:18:21.511Z"}}, {"model": "attendance.attendancerecord", "pk": 224, "fields": {"employee": 14, "date": "2025-03-22", "code": "P", "comment": "", "created_at": "2025-03-23T11:18:21.522Z", "updated_at": "2025-03-23T11:18:21.522Z"}}, {"model": "attendance.attendancerecord", "pk": 225, "fields": {"employee": 12, "date": "2025-03-22", "code": "P", "comment": "", "created_at": "2025-03-23T11:18:21.538Z", "updated_at": "2025-03-23T11:18:21.538Z"}}, {"model": "attendance.attendancerecord", "pk": 226, "fields": {"employee": 15, "date": "2025-03-22", "code": "P", "comment": "", "created_at": "2025-03-23T11:18:21.547Z", "updated_at": "2025-03-23T11:18:21.547Z"}}, {"model": "attendance.attendancerecord", "pk": 227, "fields": {"employee": 2, "date": "2025-03-23", "code": "P", "comment": "", "created_at": "2025-03-24T01:18:54.763Z", "updated_at": "2025-03-24T01:18:54.763Z"}}, {"model": "attendance.attendancerecord", "pk": 228, "fields": {"employee": 5, "date": "2025-03-23", "code": "P", "comment": "", "created_at": "2025-03-24T01:18:54.779Z", "updated_at": "2025-03-24T01:18:54.779Z"}}, {"model": "attendance.attendancerecord", "pk": 229, "fields": {"employee": 16, "date": "2025-03-23", "code": "P", "comment": "", "created_at": "2025-03-24T01:18:54.800Z", "updated_at": "2025-03-24T01:18:54.800Z"}}, {"model": "attendance.attendancerecord", "pk": 230, "fields": {"employee": 19, "date": "2025-03-23", "code": "P", "comment": "", "created_at": "2025-03-24T01:18:54.836Z", "updated_at": "2025-03-24T01:18:54.836Z"}}, {"model": "attendance.attendancerecord", "pk": 231, "fields": {"employee": 17, "date": "2025-03-23", "code": "LCO", "comment": "", "created_at": "2025-03-24T01:18:54.847Z", "updated_at": "2025-03-24T01:18:54.847Z"}}, {"model": "attendance.attendancerecord", "pk": 232, "fields": {"employee": 20, "date": "2025-03-23", "code": "P", "comment": "", "created_at": "2025-03-24T01:18:54.866Z", "updated_at": "2025-03-24T01:18:54.866Z"}}, {"model": "attendance.attendancerecord", "pk": 233, "fields": {"employee": 13, "date": "2025-03-23", "code": "P", "comment": "", "created_at": "2025-03-24T01:18:54.880Z", "updated_at": "2025-03-24T01:18:54.880Z"}}, {"model": "attendance.attendancerecord", "pk": 234, "fields": {"employee": 12, "date": "2025-03-23", "code": "P", "comment": "", "created_at": "2025-03-24T01:18:54.897Z", "updated_at": "2025-03-24T01:18:54.897Z"}}, {"model": "attendance.attendancerecord", "pk": 235, "fields": {"employee": 15, "date": "2025-03-23", "code": "P", "comment": "", "created_at": "2025-03-24T01:18:54.912Z", "updated_at": "2025-03-24T01:18:54.912Z"}}, {"model": "attendance.attendancerecord", "pk": 236, "fields": {"employee": 3, "date": "2025-03-24", "code": "XL", "comment": "", "created_at": "2025-03-24T15:28:07.316Z", "updated_at": "2025-03-24T15:28:07.316Z"}}, {"model": "attendance.attendancerecord", "pk": 237, "fields": {"employee": 16, "date": "2025-03-24", "code": "HRO", "comment": "Came in after school to help close", "created_at": "2025-03-24T15:28:07.325Z", "updated_at": "2025-03-24T15:28:07.325Z"}}, {"model": "attendance.attendancerecord", "pk": 238, "fields": {"employee": 7, "date": "2025-03-24", "code": "CO", "comment": "", "created_at": "2025-03-24T15:28:07.337Z", "updated_at": "2025-03-24T15:28:07.337Z"}}, {"model": "attendance.attendancerecord", "pk": 239, "fields": {"employee": 8, "date": "2025-03-24", "code": "P", "comment": "", "created_at": "2025-03-24T15:28:07.353Z", "updated_at": "2025-03-24T15:28:07.353Z"}}, {"model": "attendance.attendancerecord", "pk": 240, "fields": {"employee": 9, "date": "2025-03-24", "code": "P", "comment": "", "created_at": "2025-03-24T15:28:07.362Z", "updated_at": "2025-03-24T15:28:07.362Z"}}, {"model": "attendance.attendancerecord", "pk": 241, "fields": {"employee": 10, "date": "2025-03-24", "code": "LCO", "comment": "", "created_at": "2025-03-24T15:28:07.385Z", "updated_at": "2025-03-24T15:28:07.385Z"}}, {"model": "attendance.attendancerecord", "pk": 242, "fields": {"employee": 15, "date": "2025-03-24", "code": "HRO", "comment": "Switched to daylight with 2 call offs", "created_at": "2025-03-24T15:28:07.413Z", "updated_at": "2025-03-24T15:28:07.413Z"}}, {"model": "attendance.attendancerecord", "pk": 243, "fields": {"employee": 11, "date": "2025-03-24", "code": "P", "comment": "", "created_at": "2025-03-24T15:28:07.424Z", "updated_at": "2025-03-24T15:28:07.424Z"}}]
